1699624471.958068,32,240,57,77,73,84.93150684931508,23.996777288565738
1699624471.958068,21,-141,58,74,74,83.78378378378379,-14.656418438272837
1699624471.958068,27,87,56,73,72,86.11111111111113,9.16685046013392
1699624471.958068,25,-62,57,72,72,86.11111111111113,-6.560196400571308
1699624471.958068,31,164,57,76,72,86.11111111111113,16.91942262152814
1699624471.958068,26,12,56,71,72,86.11111111111113,1.2750826169617748
1699624471.958068,20,-218,60,76,75,82.66666666666669,-22.01618412969245
1699624472.8367994,32,240,58,77,74,83.78378378378379,23.996777288565738
1699624472.8367994,20,-218,60,76,75,82.66666666666669,-22.01618412969245
1699624472.8367994,21,-141,58,74,74,83.78378378378379,-14.656418438272837
1699624472.8367994,27,87,56,73,72,86.11111111111113,9.16685046013392
1699624472.8367994,25,-62,57,72,72,86.11111111111113,-6.560196400571308
1699624472.8367994,31,165,57,78,72,86.11111111111113,17.016645682135483
1699624472.8367994,26,12,56,71,72,86.11111111111113,1.2750826169617748
1699624473.3399117,32,240,57,77,73,84.93150684931508,23.996777288565738
1699624473.3399117,27,88,57,74,75,82.66666666666669,9.27039735856775
1699624473.3399117,21,-141,58,74,73,84.93150684931508,-14.656418438272837
1699624473.3399117,25,-62,56,72,73,84.93150684931508,-6.560196400571308
1699624473.3399117,20,-218,60,76,75,82.66666666666669,-22.01618412969245
1699624473.3399117,31,164,57,77,72,86.11111111111113,16.91942262152814
1699624473.3399117,26,12,56,71,72,86.11111111111113,1.2750826169617748
1699624473.869419,32,240,57,77,73,84.93150684931508,23.996777288565738
1699624473.869419,27,87,56,73,72,86.11111111111113,9.16685046013392
1699624473.869419,25,-62,57,72,72,86.11111111111113,-6.560196400571308
1699624473.869419,20,-218,60,76,75,82.66666666666669,-22.01618412969245
1699624473.869419,31,165,57,78,72,86.11111111111113,17.016645682135483
1699624473.869419,26,12,56,71,72,86.11111111111113,1.2750826169617748
1699624474.45297,32,240,57,78,73,84.93150684931508,23.996777288565738
1699624474.45297,27,87,56,74,72,86.11111111111113,9.16685046013392
1699624474.45297,21,-141,58,74,74,83.78378378378379,-14.656418438272837
1699624474.45297,25,-62,57,72,72,86.11111111111113,-6.560196400571308
1699624474.45297,20,-218,60,76,75,82.66666666666669,-22.01618412969245
1699624474.45297,31,164,57,77,72,86.11111111111113,16.91942262152814
1699624474.45297,26,12,56,71,72,86.11111111111113,1.2750826169617748
1699624474.9866705,32,240,58,77,74,83.78378378378379,23.996777288565738
1699624474.9866705,31,164,57,76,72,86.11111111111113,16.91942262152814
1699624474.9866705,27,87,56,73,72,86.11111111111113,9.16685046013392
1699624474.9866705,25,-62,57,72,72,86.11111111111113,-6.560196400571308
1699624474.9866705,20,-218,60,76,75,82.66666666666669,-22.01618412969245
1699624474.9866705,21,-141,58,74,74,83.78378378378379,-14.656418438272837
1699624474.9866705,26,12,56,71,72,86.11111111111113,1.2750826169617748
1699624475.3950179,32,240,57,78,73,84.93150684931508,23.996777288565738
1699624475.3950179,20,-218,60,76,75,82.66666666666669,-22.01618412969245
1699624475.3950179,25,-62,57,72,72,86.11111111111113,-6.560196400571308
1699624475.3950179,27,87,56,73,72,86.11111111111113,9.16685046013392
1699624475.3950179,21,-141,58,74,74,83.78378378378379,-14.656418438272837
1699624475.3950179,26,12,56,71,72,86.11111111111113,1.2750826169617748
1699624475.9820805,31,164,57,77,72,86.11111111111113,16.91942262152814
1699624475.9820805,27,87,56,73,72,86.11111111111113,9.16685046013392
1699624475.9820805,21,-141,58,74,74,83.78378378378379,-14.656418438272837
1699624475.9820805,25,-62,57,72,72,86.11111111111113,-6.560196400571308
1699624475.9820805,20,-218,60,76,75,82.66666666666669,-22.01618412969245
1699624475.9820805,26,12,56,71,72,86.11111111111113,1.2750826169617748
1699624476.419869,32,240,57,77,73,84.93150684931508,23.996777288565738
1699624476.419869,20,-218,60,76,75,82.66666666666669,-22.01618412969245
1699624476.419869,21,-141,58,74,73,84.93150684931508,-14.656418438272837
1699624476.419869,27,88,57,74,74,83.78378378378379,9.27039735856775
1699624476.419869,25,-62,57,72,72,86.11111111111113,-6.560196400571308
1699624476.419869,31,164,57,76,72,86.11111111111113,16.91942262152814
1699624476.419869,26,12,56,71,72,86.11111111111113,1.2750826169617748
1699624476.8977418,32,240,57,77,73,84.93150684931508,23.996777288565738
1699624476.8977418,31,164,57,77,72,86.11111111111113,16.91942262152814
1699624476.8977418,25,-62,57,72,72,86.11111111111113,-6.560196400571308
1699624476.8977418,27,87,56,73,72,86.11111111111113,9.16685046013392
1699624476.8977418,21,-141,58,74,73,84.93150684931508,-14.656418438272837
1699624476.8977418,20,-218,60,76,75,82.66666666666669,-22.01618412969245
1699624476.8977418,26,12,56,71,72,86.11111111111113,1.2750826169617748
1699624477.3057601,20,-218,60,76,75,82.66666666666669,-22.01618412969245
1699624477.3057601,32,240,57,77,73,84.93150684931508,23.996777288565738
1699624477.3057601,31,164,57,76,72,86.11111111111113,16.91942262152814
1699624477.3057601,27,87,56,73,72,86.11111111111113,9.16685046013392
1699624477.3057601,25,-62,56,73,72,86.11111111111113,-6.560196400571308
1699624477.3057601,26,12,56,71,72,86.11111111111113,1.2750826169617748
1699624477.810337,32,240,57,77,73,84.93150684931508,23.996777288565738
1699624477.810337,31,164,57,76,72,86.11111111111113,16.91942262152814
1699624477.810337,27,87,56,73,72,86.11111111111113,9.16685046013392
1699624477.810337,26,12,56,71,72,86.11111111111113,1.2750826169617748
1699624477.810337,21,-141,58,74,74,83.78378378378379,-14.656418438272837
1699624477.810337,25,-62,56,73,72,86.11111111111113,-6.560196400571308
1699624477.810337,20,-218,60,76,75,82.66666666666669,-22.01618412969245
1699624478.2598836,32,240,57,77,73,84.93150684931508,23.996777288565738
1699624478.2598836,31,164,57,77,72,86.11111111111113,16.91942262152814
1699624478.2598836,27,87,56,73,72,86.11111111111113,9.16685046013392
1699624478.2598836,26,12,56,71,72,86.11111111111113,1.2750826169617748
1699624478.2598836,21,-141,58,74,73,84.93150684931508,-14.656418438272837
1699624478.2598836,25,-62,56,73,73,84.93150684931508,-6.560196400571308
1699624478.2598836,20,-218,60,76,75,82.66666666666669,-22.01618412969245
1699624478.77871,32,240,58,77,74,83.78378378378379,23.996777288565738
1699624478.77871,31,164,57,76,72,86.11111111111113,16.91942262152814
1699624478.77871,27,87,56,73,72,86.11111111111113,9.16685046013392
1699624478.77871,21,-141,58,74,74,83.78378378378379,-14.656418438272837
1699624478.77871,25,-62,57,72,72,86.11111111111113,-6.560196400571308
1699624478.77871,20,-218,60,76,75,82.66666666666669,-22.01618412969245
1699624478.77871,26,12,56,71,72,86.11111111111113,1.2750826169617748
1699624479.2980933,32,240,57,77,73,84.93150684931508,23.996777288565738
1699624479.2980933,31,165,57,78,72,86.11111111111113,17.016645682135483
1699624479.2980933,27,87,56,73,72,86.11111111111113,9.16685046013392
1699624479.2980933,21,-141,58,74,74,83.78378378378379,-14.656418438272837
1699624479.2980933,25,-62,57,72,72,86.11111111111113,-6.560196400571308
1699624479.2980933,20,-218,60,76,75,82.66666666666669,-22.01618412969245
1699624479.2980933,26,12,56,71,72,86.11111111111113,1.2750826169617748
1699624479.770635,31,164,57,76,72,86.11111111111113,16.91942262152814
1699624479.770635,27,87,56,73,72,86.11111111111113,9.16685046013392
1699624479.770635,20,-218,60,76,75,82.66666666666669,-22.01618412969245
1699624479.770635,21,-141,58,74,74,83.78378378378379,-14.656418438272837
1699624479.770635,26,12,56,71,72,86.11111111111113,1.2750826169617748
1699624480.2388964,32,240,57,78,73,84.93150684931508,23.996777288565738
1699624480.2388964,20,-218,60,76,75,82.66666666666669,-22.01618412969245
1699624480.2388964,31,164,57,77,72,86.11111111111113,16.91942262152814
1699624480.2388964,27,87,56,74,72,86.11111111111113,9.16685046013392
1699624480.2388964,21,-141,58,74,74,83.78378378378379,-14.656418438272837
1699624480.2388964,25,-62,57,72,72,86.11111111111113,-6.560196400571308
1699624480.2388964,26,12,56,71,72,86.11111111111113,1.2750826169617748
1699624480.6822817,32,240,57,77,73,84.93150684931508,23.996777288565738
1699624480.6822817,31,164,57,77,72,86.11111111111113,16.91942262152814
1699624480.6822817,27,87,56,73,72,86.11111111111113,9.16685046013392
1699624480.6822817,26,12,56,71,72,86.11111111111113,1.2750826169617748
1699624480.6822817,21,-141,57,74,73,84.93150684931508,-14.656418438272837
1699624480.6822817,20,-218,60,76,75,82.66666666666669,-22.01618412969245
1699624481.2004783,32,240,57,77,73,84.93150684931508,23.996777288565738
1699624481.2004783,27,88,57,74,74,83.78378378378379,9.27039735856775
1699624481.2004783,20,-218,60,76,75,82.66666666666669,-22.01618412969245
1699624481.2004783,31,164,57,77,72,86.11111111111113,16.91942262152814
1699624481.2004783,26,12,56,71,72,86.11111111111113,1.2750826169617748
1699624481.7066824,32,240,58,77,74,83.78378378378379,23.996777288565738
1699624481.7066824,31,164,57,78,72,86.11111111111113,16.91942262152814
1699624481.7066824,27,87,56,73,72,86.11111111111113,9.16685046013392
1699624481.7066824,26,12,56,71,72,86.11111111111113,1.2750826169617748
1699624481.7066824,21,-141,57,74,73,84.93150684931508,-14.656418438272837
1699624481.7066824,25,-62,56,72,71,87.32394366197184,-6.560196400571308
1699624481.7066824,20,-218,60,76,75,82.66666666666669,-22.01618412969245
1699624482.2150166,32,240,57,77,73,84.93150684931508,23.996777288565738
1699624482.2150166,31,164,57,77,72,86.11111111111113,16.91942262152814
1699624482.2150166,27,87,56,73,72,86.11111111111113,9.16685046013392
1699624482.2150166,21,-141,58,74,74,83.78378378378379,-14.656418438272837
1699624482.2150166,25,-62,57,72,72,86.11111111111113,-6.560196400571308
1699624482.2150166,20,-218,60,76,75,82.66666666666669,-22.01618412969245
1699624482.2150166,26,12,56,71,72,86.11111111111113,1.2750826169617748
1699624482.6417584,32,240,57,77,73,84.93150684931508,23.996777288565738
1699624482.6417584,31,164,57,77,72,86.11111111111113,16.91942262152814
1699624482.6417584,27,87,56,74,72,86.11111111111113,9.16685046013392
1699624482.6417584,21,-141,58,74,74,83.78378378378379,-14.656418438272837
1699624482.6417584,25,-62,57,72,72,86.11111111111113,-6.560196400571308
1699624482.6417584,20,-218,60,76,75,82.66666666666669,-22.01618412969245
1699624482.6417584,26,12,56,71,72,86.11111111111113,1.2750826169617748
1699624483.0887308,32,240,57,78,73,84.93150684931508,23.996777288565738
1699624483.0887308,31,164,57,76,72,86.11111111111113,16.91942262152814
1699624483.0887308,27,87,56,73,72,86.11111111111113,9.16685046013392
1699624483.0887308,26,12,56,71,72,86.11111111111113,1.2750826169617748
1699624483.0887308,25,-62,56,72,73,84.93150684931508,-6.560196400571308
1699624483.0887308,20,-218,60,76,75,82.66666666666669,-22.01618412969245
1699624483.0887308,21,-141,58,74,74,83.78378378378379,-14.656418438272837
1699624483.4913073,32,240,57,77,73,84.93150684931508,23.996777288565738
1699624483.4913073,31,163,57,77,72,86.11111111111113,16.822099089140682
1699624483.4913073,27,87,56,73,72,86.11111111111113,9.16685046013392
1699624483.4913073,25,-62,57,72,72,86.11111111111113,-6.560196400571308
1699624483.4913073,20,-218,60,76,75,82.66666666666669,-22.01618412969245
1699624483.4913073,21,-141,58,74,74,83.78378378378379,-14.656418438272837
1699624483.4913073,26,12,56,71,72,86.11111111111113,1.2750826169617748
1699624483.8916943,32,240,57,78,73,84.93150684931508,23.996777288565738
1699624483.8916943,31,164,57,77,72,86.11111111111113,16.91942262152814
1699624483.8916943,27,87,56,73,72,86.11111111111113,9.16685046013392
1699624483.8916943,21,-141,58,74,74,83.78378378378379,-14.656418438272837
1699624483.8916943,25,-62,57,72,72,86.11111111111113,-6.560196400571308
1699624483.8916943,20,-218,60,76,75,82.66666666666669,-22.01618412969245
1699624483.8916943,26,12,56,71,72,86.11111111111113,1.2750826169617748
1699624484.359955,32,240,57,77,73,84.93150684931508,23.996777288565738
1699624484.359955,31,164,57,76,72,86.11111111111113,16.91942262152814
1699624484.359955,27,87,56,73,72,86.11111111111113,9.16685046013392
1699624484.359955,20,-218,60,76,75,82.66666666666669,-22.01618412969245
1699624484.359955,21,-141,58,74,74,83.78378378378379,-14.656418438272837
1699624484.359955,26,12,56,71,72,86.11111111111113,1.2750826169617748
1699624484.7757053,32,240,57,78,73,84.93150684931508,23.996777288565738
1699624484.7757053,31,164,57,76,72,86.11111111111113,16.91942262152814
1699624484.7757053,27,87,56,73,72,86.11111111111113,9.16685046013392
1699624484.7757053,25,-62,57,72,72,86.11111111111113,-6.560196400571308
1699624484.7757053,26,12,56,71,72,86.11111111111113,1.2750826169617748
1699624485.3700562,32,240,57,78,73,84.93150684931508,23.996777288565738
1699624485.3700562,31,164,57,76,72,86.11111111111113,16.91942262152814
1699624485.3700562,27,87,56,73,72,86.11111111111113,9.16685046013392
1699624485.3700562,25,-62,56,72,72,86.11111111111113,-6.560196400571308
1699624485.3700562,20,-218,60,76,75,82.66666666666669,-22.01618412969245
1699624485.3700562,21,-141,58,74,74,83.78378378378379,-14.656418438272837
1699624485.3700562,26,12,56,71,72,86.11111111111113,1.2750826169617748
1699624485.7937891,32,240,57,77,73,84.93150684931508,23.996777288565738
1699624485.7937891,31,164,57,78,72,86.11111111111113,16.91942262152814
1699624485.7937891,27,87,56,73,72,86.11111111111113,9.16685046013392
1699624485.7937891,25,-62,56,72,73,84.93150684931508,-6.560196400571308
1699624485.7937891,21,-141,58,74,74,83.78378378378379,-14.656418438272837
1699624485.7937891,26,12,56,71,72,86.11111111111113,1.2750826169617748
1699624486.2763195,32,240,57,78,73,84.93150684931508,23.996777288565738
1699624486.2763195,31,164,57,76,72,86.11111111111113,16.91942262152814
1699624486.2763195,25,-62,56,72,73,84.93150684931508,-6.560196400571308
1699624486.2763195,27,87,56,73,72,86.11111111111113,9.16685046013392
1699624486.2763195,26,12,56,71,72,86.11111111111113,1.2750826169617748
1699624486.2763195,21,-141,58,74,74,83.78378378378379,-14.656418438272837
1699624486.2763195,20,-218,60,76,75,82.66666666666669,-22.01618412969245
1699624486.7033138,32,240,58,78,74,83.78378378378379,23.996777288565738
1699624486.7033138,31,164,57,76,72,86.11111111111113,16.91942262152814
1699624486.7033138,27,87,56,73,72,86.11111111111113,9.16685046013392
1699624486.7033138,21,-141,58,74,74,83.78378378378379,-14.656418438272837
1699624486.7033138,25,-62,56,72,73,84.93150684931508,-6.560196400571308
1699624486.7033138,20,-218,60,76,75,82.66666666666669,-22.01618412969245
1699624486.7033138,26,12,56,71,72,86.11111111111113,1.2750826169617748
1699624487.1480765,32,240,58,77,74,83.78378378378379,23.996777288565738
1699624487.1480765,31,164,57,77,72,86.11111111111113,16.91942262152814
1699624487.1480765,27,87,56,73,72,86.11111111111113,9.16685046013392
1699624487.1480765,21,-141,58,74,74,83.78378378378379,-14.656418438272837
1699624487.1480765,20,-218,60,76,75,82.66666666666669,-22.01618412969245
1699624487.1480765,26,12,56,71,72,86.11111111111113,1.2750826169617748
1699624487.665393,27,87,56,74,72,86.11111111111113,9.16685046013392
1699624487.665393,25,-62,56,72,72,86.11111111111113,-6.560196400571308
1699624487.665393,20,-218,60,76,75,82.66666666666669,-22.01618412969245
1699624487.665393,21,-141,58,74,74,83.78378378378379,-14.656418438272837
1699624487.665393,31,163,57,77,72,86.11111111111113,16.822099089140682
1699624487.665393,26,12,56,71,72,86.11111111111113,1.2750826169617748
1699624488.1252291,32,240,57,77,73,84.93150684931508,23.996777288565738
1699624488.1252291,20,-218,60,76,75,82.66666666666669,-22.01618412969245
1699624488.1252291,31,164,57,77,72,86.11111111111113,16.91942262152814
1699624488.1252291,27,87,56,73,72,86.11111111111113,9.16685046013392
1699624488.1252291,25,-62,56,72,73,84.93150684931508,-6.560196400571308
1699624488.1252291,21,-141,58,74,74,83.78378378378379,-14.656418438272837
1699624488.1252291,26,12,56,71,72,86.11111111111113,1.2750826169617748
1699624488.520319,32,240,57,77,73,84.93150684931508,23.996777288565738
1699624488.520319,31,165,57,78,72,86.11111111111113,17.016645682135483
1699624488.520319,27,87,56,73,72,86.11111111111113,9.16685046013392
1699624488.520319,25,-62,56,72,73,84.93150684931508,-6.560196400571308
1699624488.520319,21,-141,58,74,74,83.78378378378379,-14.656418438272837
1699624488.520319,26,12,56,71,72,86.11111111111113,1.2750826169617748
1699624489.009612,32,240,57,77,73,84.93150684931508,23.996777288565738
1699624489.009612,31,164,57,76,72,86.11111111111113,16.91942262152814
1699624489.009612,27,87,56,74,72,86.11111111111113,9.16685046013392
1699624489.009612,26,12,56,71,72,86.11111111111113,1.2750826169617748
1699624489.009612,20,-218,60,76,75,82.66666666666669,-22.01618412969245
1699624489.609798,32,240,58,78,74,83.78378378378379,23.996777288565738
1699624489.609798,31,164,57,77,72,86.11111111111113,16.91942262152814
1699624489.609798,27,87,56,73,72,86.11111111111113,9.16685046013392
1699624489.609798,25,-62,57,72,72,86.11111111111113,-6.560196400571308
1699624489.609798,20,-218,60,76,75,82.66666666666669,-22.01618412969245
1699624489.609798,26,12,56,71,72,86.11111111111113,1.2750826169617748
1699624490.1450016,32,240,57,77,73,84.93150684931508,23.996777288565738
1699624490.1450016,27,88,57,74,75,82.66666666666669,9.27039735856775
1699624490.1450016,26,12,56,71,72,86.11111111111113,1.2750826169617748
1699624490.1450016,21,-141,58,74,74,83.78378378378379,-14.656418438272837
1699624490.1450016,25,-62,56,72,73,84.93150684931508,-6.560196400571308
1699624490.1450016,20,-218,61,76,76,81.57894736842107,-22.01618412969245
1699624490.1450016,31,164,57,76,72,86.11111111111113,16.91942262152814
1699624490.6975794,32,240,57,77,73,84.93150684931508,23.996777288565738
1699624490.6975794,31,165,57,78,72,86.11111111111113,17.016645682135483
1699624490.6975794,27,87,56,73,72,86.11111111111113,9.16685046013392
1699624490.6975794,26,12,56,71,72,86.11111111111113,1.2750826169617748
1699624490.6975794,20,-218,60,76,75,82.66666666666669,-22.01618412969245
1699624490.6975794,21,-141,58,74,74,83.78378378378379,-14.656418438272837
1699624491.1505284,32,240,57,77,73,84.93150684931508,23.996777288565738
1699624491.1505284,31,164,57,76,72,86.11111111111113,16.91942262152814
1699624491.1505284,27,87,56,74,72,86.11111111111113,9.16685046013392
1699624491.1505284,26,12,56,71,72,86.11111111111113,1.2750826169617748
1699624491.1505284,25,-62,56,72,73,84.93150684931508,-6.560196400571308
1699624491.1505284,20,-218,60,76,75,82.66666666666669,-22.01618412969245
1699624491.1505284,21,-141,58,74,74,83.78378378378379,-14.656418438272837
1699624491.6346838,32,240,57,77,73,84.93150684931508,23.996777288565738
1699624491.6346838,31,165,57,78,72,86.11111111111113,17.016645682135483
1699624491.6346838,27,87,56,73,72,86.11111111111113,9.16685046013392
1699624491.6346838,26,12,56,71,72,86.11111111111113,1.2750826169617748
1699624491.6346838,21,-141,58,74,74,83.78378378378379,-14.656418438272837
1699624491.6346838,20,-218,60,76,75,82.66666666666669,-22.01618412969245
1699624492.1643307,32,240,58,77,74,83.78378378378379,23.996777288565738
1699624492.1643307,31,164,57,76,72,86.11111111111113,16.91942262152814
1699624492.1643307,25,-63,56,73,73,84.93150684931508,-6.665061502275082
1699624492.1643307,27,87,56,73,72,86.11111111111113,9.16685046013392
1699624492.1643307,26,12,56,71,72,86.11111111111113,1.2750826169617748
1699624492.1643307,20,-218,60,76,75,82.66666666666669,-22.01618412969245
1699624492.1643307,21,-141,58,74,74,83.78378378378379,-14.656418438272837
1699624492.5418274,32,240,58,77,74,83.78378378378379,23.996777288565738
1699624492.5418274,31,164,57,77,72,86.11111111111113,16.91942262152814
1699624492.5418274,25,-62,56,72,73,84.93150684931508,-6.560196400571308
1699624492.5418274,27,87,56,73,72,86.11111111111113,9.16685046013392
1699624492.5418274,26,12,56,71,72,86.11111111111113,1.2750826169617748
1699624492.5418274,20,-218,60,76,75,82.66666666666669,-22.01618412969245
1699624492.5418274,21,-141,58,74,74,83.78378378378379,-14.656418438272837
1699624492.9488306,32,240,57,77,73,84.93150684931508,23.996777288565738
1699624492.9488306,31,164,57,76,72,86.11111111111113,16.91942262152814
1699624492.9488306,27,87,56,73,72,86.11111111111113,9.16685046013392
1699624492.9488306,26,12,56,71,72,86.11111111111113,1.2750826169617748
1699624492.9488306,21,-141,58,74,74,83.78378378378379,-14.656418438272837
1699624492.9488306,20,-218,60,76,75,82.66666666666669,-22.01618412969245
1699624493.4712722,32,240,58,78,74,83.78378378378379,23.996777288565738
1699624493.4712722,31,164,57,76,72,86.11111111111113,16.91942262152814
1699624493.4712722,27,87,56,73,72,86.11111111111113,9.16685046013392
1699624493.4712722,26,12,56,71,72,86.11111111111113,1.2750826169617748
1699624493.4712722,20,-218,60,76,75,82.66666666666669,-22.01618412969245
1699624493.4712722,21,-141,58,74,74,83.78378378378379,-14.656418438272837
1699624493.9123418,32,240,57,77,73,84.93150684931508,23.996777288565738
1699624493.9123418,31,164,57,77,72,86.11111111111113,16.91942262152814
1699624493.9123418,27,87,56,73,72,86.11111111111113,9.16685046013392
1699624493.9123418,26,12,56,71,72,86.11111111111113,1.2750826169617748
1699624493.9123418,25,-62,56,72,73,84.93150684931508,-6.560196400571308
1699624493.9123418,20,-218,60,76,75,82.66666666666669,-22.01618412969245
1699624493.9123418,21,-141,58,74,74,83.78378378378379,-14.656418438272837
1699624494.3378234,32,240,57,77,73,84.93150684931508,23.996777288565738
1699624494.3378234,31,164,57,76,72,86.11111111111113,16.91942262152814
1699624494.3378234,25,-62,57,72,72,86.11111111111113,-6.560196400571308
1699624494.3378234,27,87,56,74,72,86.11111111111113,9.16685046013392
1699624494.3378234,26,12,56,71,72,86.11111111111113,1.2750826169617748
1699624494.3378234,21,-141,58,74,73,84.93150684931508,-14.656418438272837
1699624494.3378234,20,-218,60,76,75,82.66666666666669,-22.01618412969245
1699624494.7595384,32,240,57,77,73,84.93150684931508,23.996777288565738
1699624494.7595384,31,164,57,76,72,86.11111111111113,16.91942262152814
1699624494.7595384,27,87,56,73,72,86.11111111111113,9.16685046013392
1699624494.7595384,26,12,56,71,72,86.11111111111113,1.2750826169617748
1699624494.7595384,20,-218,60,76,75,82.66666666666669,-22.01618412969245
1699624495.2716238,32,240,57,77,73,84.93150684931508,23.996777288565738
1699624495.2716238,31,163,57,77,72,86.11111111111113,16.822099089140682
1699624495.2716238,27,87,56,73,72,86.11111111111113,9.16685046013392
1699624495.2716238,25,-62,56,72,73,84.93150684931508,-6.560196400571308
1699624495.2716238,20,-218,60,76,75,82.66666666666669,-22.01618412969245
1699624495.2716238,21,-141,58,74,74,83.78378378378379,-14.656418438272837
1699624495.2716238,26,12,56,71,72,86.11111111111113,1.2750826169617748
1699624495.7222743,32,240,58,78,74,83.78378378378379,23.996777288565738
1699624495.7222743,31,165,57,78,72,86.11111111111113,17.016645682135483
1699624495.7222743,27,88,56,74,72,86.11111111111113,9.27039735856775
1699624495.7222743,26,12,56,71,72,86.11111111111113,1.2750826169617748
1699624495.7222743,21,-141,57,74,73,84.93150684931508,-14.656418438272837
1699624495.7222743,25,-62,56,72,72,86.11111111111113,-6.560196400571308
1699624495.7222743,20,-218,60,76,75,82.66666666666669,-22.01618412969245
1699624496.2004745,32,240,57,77,73,84.93150684931508,23.996777288565738
1699624496.2004745,31,163,57,77,72,86.11111111111113,16.822099089140682
1699624496.2004745,27,87,56,73,72,86.11111111111113,9.16685046013392
1699624496.2004745,26,12,56,71,72,86.11111111111113,1.2750826169617748
1699624496.2004745,21,-141,58,74,74,83.78378378378379,-14.656418438272837
1699624496.2004745,25,-63,56,73,73,84.93150684931508,-6.665061502275082
1699624496.2004745,20,-218,60,76,75,82.66666666666669,-22.01618412969245
1699624496.6691453,32,240,57,78,73,84.93150684931508,23.996777288565738
1699624496.6691453,31,164,57,77,72,86.11111111111113,16.91942262152814
1699624496.6691453,27,87,56,73,72,86.11111111111113,9.16685046013392
1699624496.6691453,26,12,56,71,72,86.11111111111113,1.2750826169617748
1699624496.6691453,20,-218,60,76,75,82.66666666666669,-22.01618412969245
1699624497.1687028,32,240,57,78,73,84.93150684931508,23.996777288565738
1699624497.1687028,31,164,57,76,72,86.11111111111113,16.91942262152814
1699624497.1687028,27,87,56,74,72,86.11111111111113,9.16685046013392
1699624497.1687028,26,12,56,71,72,86.11111111111113,1.2750826169617748
1699624497.1687028,21,-141,58,74,74,83.78378378378379,-14.656418438272837
1699624497.1687028,20,-218,60,76,75,82.66666666666669,-22.01618412969245
1699624497.697619,32,240,57,78,73,84.93150684931508,23.996777288565738
1699624497.697619,31,165,57,78,72,86.11111111111113,17.016645682135483
1699624497.697619,25,-62,56,72,73,84.93150684931508,-6.560196400571308
1699624497.697619,27,87,56,73,72,86.11111111111113,9.16685046013392
1699624497.697619,26,12,56,71,72,86.11111111111113,1.2750826169617748
1699624497.697619,20,-218,60,76,75,82.66666666666669,-22.01618412969245
1699624498.1847875,32,240,57,78,73,84.93150684931508,23.996777288565738
1699624498.1847875,31,164,57,77,72,86.11111111111113,16.91942262152814
1699624498.1847875,25,-62,56,72,73,84.93150684931508,-6.560196400571308
1699624498.1847875,27,87,56,73,72,86.11111111111113,9.16685046013392
1699624498.1847875,26,12,56,71,72,86.11111111111113,1.2750826169617748
1699624498.1847875,20,-218,61,76,76,81.57894736842107,-22.01618412969245
1699624498.1847875,21,-141,58,74,74,83.78378378378379,-14.656418438272837
1699624498.6611726,32,240,58,78,74,83.78378378378379,23.996777288565738
1699624498.6611726,31,164,57,76,72,86.11111111111113,16.91942262152814
1699624498.6611726,25,-62,56,72,72,86.11111111111113,-6.560196400571308
1699624498.6611726,27,87,56,73,72,86.11111111111113,9.16685046013392
1699624498.6611726,26,12,56,71,72,86.11111111111113,1.2750826169617748
1699624498.6611726,20,-218,60,76,75,82.66666666666669,-22.01618412969245
1699624499.1302598,25,-62,56,72,73,84.93150684931508,-6.560196400571308
1699624499.1302598,32,240,57,77,73,84.93150684931508,23.996777288565738
1699624499.1302598,31,165,57,78,72,86.11111111111113,17.016645682135483
1699624499.1302598,27,87,56,74,72,86.11111111111113,9.16685046013392
1699624499.1302598,26,12,56,71,72,86.11111111111113,1.2750826169617748
1699624499.1302598,21,-141,58,74,74,83.78378378378379,-14.656418438272837
1699624499.1302598,20,-218,60,76,75,82.66666666666669,-22.01618412969245
1699624499.5457423,32,240,57,77,73,84.93150684931508,23.996777288565738
1699624499.5457423,31,165,57,78,72,86.11111111111113,17.016645682135483
1699624499.5457423,25,-62,56,72,73,84.93150684931508,-6.560196400571308
1699624499.5457423,26,12,56,71,72,86.11111111111113,1.2750826169617748
1699624499.5457423,27,87,56,73,72,86.11111111111113,9.16685046013392
1699624499.5457423,21,-141,58,74,74,83.78378378378379,-14.656418438272837
1699624499.5457423,20,-218,60,76,75,82.66666666666669,-22.01618412969245
1699624499.967228,32,240,57,77,73,84.93150684931508,23.996777288565738
1699624499.967228,31,165,57,78,72,86.11111111111113,17.016645682135483
1699624499.967228,25,-62,56,72,73,84.93150684931508,-6.560196400571308
1699624499.967228,27,87,56,73,72,86.11111111111113,9.16685046013392
1699624499.967228,26,12,56,71,72,86.11111111111113,1.2750826169617748
1699624499.967228,21,-141,57,74,73,84.93150684931508,-14.656418438272837
1699624499.967228,20,-218,60,76,75,82.66666666666669,-22.01618412969245
1699624500.3935814,32,240,58,77,74,83.78378378378379,23.996777288565738
1699624500.3935814,31,164,57,76,72,86.11111111111113,16.91942262152814
1699624500.3935814,25,-62,56,72,73,84.93150684931508,-6.560196400571308
1699624500.3935814,27,87,56,74,72,86.11111111111113,9.16685046013392
1699624500.3935814,26,12,56,71,72,86.11111111111113,1.2750826169617748
1699624500.3935814,21,-141,58,74,74,83.78378378378379,-14.656418438272837
1699624500.3935814,20,-218,60,76,75,82.66666666666669,-22.01618412969245
1699624500.8640199,32,240,57,78,73,84.93150684931508,23.996777288565738
1699624500.8640199,27,87,56,73,72,86.11111111111113,9.16685046013392
1699624500.8640199,26,12,56,71,72,86.11111111111113,1.2750826169617748
1699624500.8640199,21,-141,58,74,74,83.78378378378379,-14.656418438272837
1699624500.8640199,31,163,57,77,72,86.11111111111113,16.822099089140682
1699624500.8640199,25,-62,56,72,73,84.93150684931508,-6.560196400571308
1699624500.8640199,20,-218,60,76,75,82.66666666666669,-22.01618412969245
1699624501.4087408,32,240,58,78,74,83.78378378378379,23.996777288565738
1699624501.4087408,25,-62,56,72,72,86.11111111111113,-6.560196400571308
1699624501.4087408,27,88,56,74,72,86.11111111111113,9.27039735856775
1699624501.4087408,26,12,56,71,72,86.11111111111113,1.2750826169617748
1699624501.4087408,21,-141,58,74,74,83.78378378378379,-14.656418438272837
1699624501.4087408,31,165,57,78,72,86.11111111111113,17.016645682135483
1699624501.4087408,20,-218,60,76,75,82.66666666666669,-22.01618412969245
1699624501.918357,32,240,57,78,73,84.93150684931508,23.996777288565738
1699624501.918357,31,165,57,78,72,86.11111111111113,17.016645682135483
1699624501.918357,25,-63,56,73,72,86.11111111111113,-6.665061502275082
1699624501.918357,27,87,56,75,72,86.11111111111113,9.16685046013392
1699624501.918357,26,12,56,71,72,86.11111111111113,1.2750826169617748
1699624501.918357,21,-141,58,74,74,83.78378378378379,-14.656418438272837
1699624501.918357,20,-218,60,76,75,82.66666666666669,-22.01618412969245
1699624502.328045,32,240,57,78,73,84.93150684931508,23.996777288565738
1699624502.328045,31,165,57,78,72,86.11111111111113,17.016645682135483
1699624502.328045,27,87,56,74,72,86.11111111111113,9.16685046013392
1699624502.328045,26,12,56,71,72,86.11111111111113,1.2750826169617748
1699624502.328045,21,-141,58,74,74,83.78378378378379,-14.656418438272837
1699624502.8217816,32,240,57,77,73,84.93150684931508,23.996777288565738
1699624502.8217816,31,165,57,78,72,86.11111111111113,17.016645682135483
1699624502.8217816,25,-62,56,72,72,86.11111111111113,-6.560196400571308
1699624502.8217816,27,87,56,73,72,86.11111111111113,9.16685046013392
1699624502.8217816,26,12,56,71,72,86.11111111111113,1.2750826169617748
1699624502.8217816,20,-218,60,76,75,82.66666666666669,-22.01618412969245
1699624503.2651892,32,240,58,78,74,83.78378378378379,23.996777288565738
1699624503.2651892,31,164,57,76,72,86.11111111111113,16.91942262152814
1699624503.2651892,25,-62,56,72,72,86.11111111111113,-6.560196400571308
1699624503.2651892,27,87,56,74,72,86.11111111111113,9.16685046013392
1699624503.2651892,26,12,56,71,72,86.11111111111113,1.2750826169617748
1699624503.2651892,20,-218,60,76,75,82.66666666666669,-22.01618412969245
1699624503.713037,32,240,58,77,74,83.78378378378379,23.996777288565738
1699624503.713037,31,164,57,76,72,86.11111111111113,16.91942262152814
1699624503.713037,25,-63,56,73,73,84.93150684931508,-6.665061502275082
1699624503.713037,27,88,56,74,72,86.11111111111113,9.27039735856775
1699624503.713037,26,12,56,71,72,86.11111111111113,1.2750826169617748
1699624503.713037,20,-218,60,76,75,82.66666666666669,-22.01618412969245
1699624504.1841023,32,240,57,77,73,84.93150684931508,23.996777288565738
1699624504.1841023,31,164,57,76,72,86.11111111111113,16.91942262152814
1699624504.1841023,25,-63,57,73,74,83.78378378378379,-6.665061502275082
1699624504.1841023,26,12,56,71,72,86.11111111111113,1.2750826169617748
1699624504.1841023,27,87,56,73,72,86.11111111111113,9.16685046013392
1699624504.1841023,21,-141,57,74,73,84.93150684931508,-14.656418438272837
1699624504.1841023,20,-218,60,76,75,82.66666666666669,-22.01618412969245
1699624504.6111917,32,240,57,78,73,84.93150684931508,23.996777288565738
1699624504.6111917,31,165,57,78,72,86.11111111111113,17.016645682135483
1699624504.6111917,25,-63,56,73,72,86.11111111111113,-6.665061502275082
1699624504.6111917,27,87,56,75,72,86.11111111111113,9.16685046013392
1699624504.6111917,26,12,56,71,72,86.11111111111113,1.2750826169617748
1699624504.6111917,21,-141,58,74,74,83.78378378378379,-14.656418438272837
1699624504.6111917,20,-218,60,76,75,82.66666666666669,-22.01618412969245
1699624505.0417833,32,240,57,77,73,84.93150684931508,23.996777288565738
1699624505.0417833,31,165,57,78,72,86.11111111111113,17.016645682135483
1699624505.0417833,25,-63,56,73,73,84.93150684931508,-6.665061502275082
1699624505.0417833,26,12,56,71,72,86.11111111111113,1.2750826169617748
1699624505.0417833,27,87,56,73,72,86.11111111111113,9.16685046013392
1699624505.0417833,21,-141,58,74,74,83.78378378378379,-14.656418438272837
1699624505.0417833,20,-218,60,76,75,82.66666666666669,-22.01618412969245
1699624505.488989,32,240,57,77,73,84.93150684931508,23.996777288565738
1699624505.488989,31,164,57,76,72,86.11111111111113,16.91942262152814
1699624505.488989,25,-63,56,73,73,84.93150684931508,-6.665061502275082
1699624505.488989,26,12,56,71,72,86.11111111111113,1.2750826169617748
1699624505.488989,21,-141,58,74,74,83.78378378378379,-14.656418438272837
1699624505.488989,20,-218,60,76,75,82.66666666666669,-22.01618412969245
1699624506.0274909,32,240,57,78,73,84.93150684931508,23.996777288565738
1699624506.0274909,31,164,57,76,72,86.11111111111113,16.91942262152814
1699624506.0274909,25,-62,56,72,72,86.11111111111113,-6.560196400571308
1699624506.0274909,27,88,56,74,72,86.11111111111113,9.27039735856775
1699624506.0274909,26,12,56,71,72,86.11111111111113,1.2750826169617748
1699624506.0274909,21,-141,58,74,74,83.78378378378379,-14.656418438272837
1699624506.0274909,20,-218,60,76,75,82.66666666666669,-22.01618412969245
1699624506.4162204,32,240,57,78,73,84.93150684931508,23.996777288565738
1699624506.4162204,31,165,57,78,72,86.11111111111113,17.016645682135483
1699624506.4162204,25,-62,56,72,73,84.93150684931508,-6.560196400571308
1699624506.4162204,27,87,56,73,72,86.11111111111113,9.16685046013392
1699624506.4162204,26,12,56,71,72,86.11111111111113,1.2750826169617748
1699624506.4162204,21,-141,58,74,74,83.78378378378379,-14.656418438272837
1699624506.4162204,20,-218,60,76,75,82.66666666666669,-22.01618412969245
1699624506.916407,32,240,57,78,73,84.93150684931508,23.996777288565738
1699624506.916407,31,164,57,77,72,86.11111111111113,16.91942262152814
1699624506.916407,25,-63,56,73,73,84.93150684931508,-6.665061502275082
1699624506.916407,27,88,56,74,72,86.11111111111113,9.27039735856775
1699624506.916407,26,12,56,71,72,86.11111111111113,1.2750826169617748
1699624506.916407,21,-141,58,74,74,83.78378378378379,-14.656418438272837
1699624506.916407,20,-218,60,76,75,82.66666666666669,-22.01618412969245
1699624507.3298094,32,240,57,77,73,84.93150684931508,23.996777288565738
1699624507.3298094,31,165,57,78,72,86.11111111111113,17.016645682135483
1699624507.3298094,25,-63,56,73,72,86.11111111111113,-6.665061502275082
1699624507.3298094,26,12,56,71,73,84.93150684931508,1.2750826169617748
1699624507.3298094,27,87,56,73,72,86.11111111111113,9.16685046013392
1699624507.3298094,21,-141,58,74,74,83.78378378378379,-14.656418438272837
1699624507.3298094,20,-218,60,76,75,82.66666666666669,-22.01618412969245
1699624507.7395267,32,240,57,78,73,84.93150684931508,23.996777288565738
1699624507.7395267,31,164,57,76,72,86.11111111111113,16.91942262152814
1699624507.7395267,25,-63,56,73,72,86.11111111111113,-6.665061502275082
1699624507.7395267,26,12,56,71,72,86.11111111111113,1.2750826169617748
1699624507.7395267,27,87,56,73,72,86.11111111111113,9.16685046013392
1699624507.7395267,21,-141,58,74,74,83.78378378378379,-14.656418438272837
1699624507.7395267,20,-218,60,76,75,82.66666666666669,-22.01618412969245
1699624508.1831229,32,240,57,77,73,84.93150684931508,23.996777288565738
1699624508.1831229,31,165,57,78,72,86.11111111111113,17.016645682135483
1699624508.1831229,25,-62,56,72,72,86.11111111111113,-6.560196400571308
1699624508.1831229,26,12,56,71,72,86.11111111111113,1.2750826169617748
1699624508.1831229,21,-141,58,74,74,83.78378378378379,-14.656418438272837
1699624508.1831229,20,-218,60,76,75,82.66666666666669,-22.01618412969245
1699624508.6729167,25,-63,56,73,72,86.11111111111113,-6.665061502275082
1699624508.6729167,32,240,57,77,73,84.93150684931508,23.996777288565738
1699624508.6729167,26,12,56,71,72,86.11111111111113,1.2750826169617748
1699624508.6729167,21,-141,58,74,74,83.78378378378379,-14.656418438272837
1699624508.6729167,31,165,57,78,72,86.11111111111113,17.016645682135483
1699624508.6729167,20,-218,60,76,75,82.66666666666669,-22.01618412969245
1699624509.1950717,32,240,57,78,73,84.93150684931508,23.996777288565738
1699624509.1950717,31,164,57,76,72,86.11111111111113,16.91942262152814
1699624509.1950717,25,-63,56,73,72,86.11111111111113,-6.665061502275082
1699624509.1950717,26,12,56,71,72,86.11111111111113,1.2750826169617748
1699624509.1950717,27,87,56,73,72,86.11111111111113,9.16685046013392
1699624509.1950717,21,-141,58,74,74,83.78378378378379,-14.656418438272837
1699624509.1950717,20,-218,60,76,75,82.66666666666669,-22.01618412969245
1699624509.620524,32,240,58,78,74,83.78378378378379,23.996777288565738
1699624509.620524,31,165,57,78,72,86.11111111111113,17.016645682135483
1699624509.620524,25,-63,56,73,72,86.11111111111113,-6.665061502275082
1699624509.620524,26,12,56,71,72,86.11111111111113,1.2750826169617748
1699624509.620524,27,87,56,74,72,86.11111111111113,9.16685046013392
1699624509.620524,21,-141,58,74,74,83.78378378378379,-14.656418438272837
1699624509.620524,20,-218,60,76,75,82.66666666666669,-22.01618412969245
1699624510.0419145,32,240,57,78,73,84.93150684931508,23.996777288565738
1699624510.0419145,25,-62,56,72,73,84.93150684931508,-6.560196400571308
1699624510.0419145,26,12,56,71,72,86.11111111111113,1.2750826169617748
1699624510.0419145,27,88,56,74,72,86.11111111111113,9.27039735856775
1699624510.0419145,21,-141,58,74,74,83.78378378378379,-14.656418438272837
1699624510.0419145,31,164,56,77,73,84.93150684931508,16.91942262152814
1699624510.0419145,20,-218,60,76,75,82.66666666666669,-22.01618412969245
1699624510.5143363,32,240,58,78,74,83.78378378378379,23.996777288565738
1699624510.5143363,26,12,56,71,72,86.11111111111113,1.2750826169617748
1699624510.5143363,27,87,56,73,72,86.11111111111113,9.16685046013392
1699624510.5143363,21,-141,58,74,74,83.78378378378379,-14.656418438272837
1699624510.5143363,31,164,57,76,72,86.11111111111113,16.91942262152814
1699624510.5143363,20,-218,60,76,75,82.66666666666669,-22.01618412969245
1699624511.0135717,32,240,57,77,73,84.93150684931508,23.996777288565738
1699624511.0135717,31,165,57,78,72,86.11111111111113,17.016645682135483
1699624511.0135717,25,-63,56,73,73,84.93150684931508,-6.665061502275082
1699624511.0135717,26,12,56,71,72,86.11111111111113,1.2750826169617748
1699624511.0135717,27,87,56,73,72,86.11111111111113,9.16685046013392
1699624511.0135717,21,-141,58,74,74,83.78378378378379,-14.656418438272837
1699624511.0135717,20,-218,60,76,75,82.66666666666669,-22.01618412969245
1699624511.4192133,32,240,57,77,73,84.93150684931508,23.996777288565738
1699624511.4192133,25,-63,56,73,72,86.11111111111113,-6.665061502275082
1699624511.4192133,26,12,56,71,72,86.11111111111113,1.2750826169617748
1699624511.4192133,27,87,56,73,72,86.11111111111113,9.16685046013392
1699624511.4192133,21,-141,58,74,74,83.78378378378379,-14.656418438272837
1699624511.4192133,31,165,57,78,72,86.11111111111113,17.016645682135483
1699624511.4192133,20,-218,60,76,75,82.66666666666669,-22.01618412969245
1699624511.945758,32,240,58,78,74,83.78378378378379,23.996777288565738
1699624511.945758,26,12,56,71,72,86.11111111111113,1.2750826169617748
1699624511.945758,21,-141,58,74,74,83.78378378378379,-14.656418438272837
1699624511.945758,31,164,57,76,72,86.11111111111113,16.91942262152814
1699624511.945758,20,-218,60,76,75,82.66666666666669,-22.01618412969245
1699624512.4788592,32,240,57,78,73,84.93150684931508,23.996777288565738
1699624512.4788592,31,165,57,78,72,86.11111111111113,17.016645682135483
1699624512.4788592,25,-62,56,72,72,86.11111111111113,-6.560196400571308
1699624512.4788592,26,12,56,71,72,86.11111111111113,1.2750826169617748
1699624512.4788592,21,-141,58,74,74,83.78378378378379,-14.656418438272837
1699624512.4788592,20,-218,60,76,75,82.66666666666669,-22.01618412969245
1699624513.0482366,32,240,57,77,73,84.93150684931508,23.996777288565738
1699624513.0482366,31,165,57,78,72,86.11111111111113,17.016645682135483
1699624513.0482366,25,-62,56,72,72,86.11111111111113,-6.560196400571308
1699624513.0482366,27,87,56,73,72,86.11111111111113,9.16685046013392
1699624513.0482366,21,-141,58,74,74,83.78378378378379,-14.656418438272837
1699624513.0482366,20,-218,60,76,75,82.66666666666669,-22.01618412969245
1699624513.575089,32,240,57,78,73,84.93150684931508,23.996777288565738
1699624513.575089,27,88,56,74,72,86.11111111111113,9.27039735856775
1699624513.575089,21,-141,58,74,74,83.78378378378379,-14.656418438272837
1699624513.575089,26,12,56,71,72,86.11111111111113,1.2750826169617748
1699624513.575089,20,-218,61,76,76,81.57894736842107,-22.01618412969245
1699624514.1533916,32,240,57,77,73,84.93150684931508,23.996777288565738
1699624514.1533916,31,164,57,76,72,86.11111111111113,16.91942262152814
1699624514.1533916,25,-63,56,73,72,86.11111111111113,-6.665061502275082
1699624514.1533916,26,12,56,71,72,86.11111111111113,1.2750826169617748
1699624514.1533916,27,87,56,74,72,86.11111111111113,9.16685046013392
1699624514.1533916,21,-141,58,74,74,83.78378378378379,-14.656418438272837
1699624514.1533916,20,-218,60,76,75,82.66666666666669,-22.01618412969245
1699624514.5798314,32,240,57,77,73,84.93150684931508,23.996777288565738
1699624514.5798314,31,165,57,78,72,86.11111111111113,17.016645682135483
1699624514.5798314,25,-63,56,73,73,84.93150684931508,-6.665061502275082
1699624514.5798314,26,12,56,71,72,86.11111111111113,1.2750826169617748
1699624514.5798314,27,87,56,73,72,86.11111111111113,9.16685046013392
1699624514.5798314,21,-141,58,74,74,83.78378378378379,-14.656418438272837
1699624514.5798314,20,-218,60,76,75,82.66666666666669,-22.01618412969245
1699624515.0258653,31,163,57,77,72,86.11111111111113,16.822099089140682
1699624515.0258653,26,12,56,71,72,86.11111111111113,1.2750826169617748
1699624515.0258653,21,-141,58,74,74,83.78378378378379,-14.656418438272837
1699624515.0258653,20,-218,60,76,75,82.66666666666669,-22.01618412969245
1699624515.6933994,32,240,57,78,73,84.93150684931508,23.996777288565738
1699624515.6933994,31,164,57,76,72,86.11111111111113,16.91942262152814
1699624515.6933994,25,-63,56,73,72,86.11111111111113,-6.665061502275082
1699624515.6933994,26,12,56,71,72,86.11111111111113,1.2750826169617748
1699624515.6933994,27,88,56,74,72,86.11111111111113,9.27039735856775
1699624515.6933994,21,-141,58,74,74,83.78378378378379,-14.656418438272837
1699624515.6933994,20,-218,60,76,75,82.66666666666669,-22.01618412969245
1699624516.139636,32,240,57,78,73,84.93150684931508,23.996777288565738
1699624516.139636,31,164,57,76,72,86.11111111111113,16.91942262152814
1699624516.139636,25,-63,56,73,72,86.11111111111113,-6.665061502275082
1699624516.139636,26,12,56,71,72,86.11111111111113,1.2750826169617748
1699624516.139636,27,87,56,73,72,86.11111111111113,9.16685046013392
1699624516.139636,21,-141,58,74,74,83.78378378378379,-14.656418438272837
1699624516.139636,20,-218,60,76,75,82.66666666666669,-22.01618412969245
1699624516.5799513,32,240,57,78,73,84.93150684931508,23.996777288565738
1699624516.5799513,25,-63,56,73,72,86.11111111111113,-6.665061502275082
1699624516.5799513,26,12,56,71,72,86.11111111111113,1.2750826169617748
1699624516.5799513,21,-141,58,74,74,83.78378378378379,-14.656418438272837
1699624516.5799513,20,-218,60,76,75,82.66666666666669,-22.01618412969245
1699624517.300404,32,240,57,78,73,84.93150684931508,23.996777288565738
1699624517.300404,31,164,57,77,72,86.11111111111113,16.91942262152814
1699624517.300404,25,-62,56,72,72,86.11111111111113,-6.560196400571308
1699624517.300404,26,12,56,71,72,86.11111111111113,1.2750826169617748
1699624517.300404,21,-141,58,74,74,83.78378378378379,-14.656418438272837
1699624517.300404,20,-218,60,76,75,82.66666666666669,-22.01618412969245
1699624517.8575287,32,240,57,77,73,84.93150684931508,23.996777288565738
1699624517.8575287,31,164,57,76,72,86.11111111111113,16.91942262152814
1699624517.8575287,26,12,56,71,72,86.11111111111113,1.2750826169617748
1699624517.8575287,27,87,56,74,72,86.11111111111113,9.16685046013392
1699624517.8575287,21,-141,58,74,74,83.78378378378379,-14.656418438272837
1699624517.8575287,20,-219,60,75,75,82.66666666666669,-22.10746528048097
1699624518.269958,32,240,57,77,73,84.93150684931508,23.996777288565738
1699624518.269958,25,-63,56,73,72,86.11111111111113,-6.665061502275082
1699624518.269958,26,12,56,71,72,86.11111111111113,1.2750826169617748
1699624518.269958,27,87,56,73,72,86.11111111111113,9.16685046013392
1699624518.269958,21,-141,58,74,74,83.78378378378379,-14.656418438272837
1699624518.269958,31,164,57,76,72,86.11111111111113,16.91942262152814
1699624518.269958,20,-219,60,75,75,82.66666666666669,-22.10746528048097
1699624518.7374365,25,-62,56,72,72,86.11111111111113,-6.560196400571308
1699624518.7374365,32,240,57,77,73,84.93150684931508,23.996777288565738
1699624518.7374365,27,87,56,73,72,86.11111111111113,9.16685046013392
1699624518.7374365,26,12,56,71,72,86.11111111111113,1.2750826169617748
1699624518.7374365,21,-141,58,74,74,83.78378378378379,-14.656418438272837
1699624518.7374365,20,-218,60,76,75,82.66666666666669,-22.01618412969245
1699624519.3002129,32,240,57,77,73,84.93150684931508,23.996777288565738
1699624519.3002129,31,164,57,76,72,86.11111111111113,16.91942262152814
1699624519.3002129,25,-63,56,73,72,86.11111111111113,-6.665061502275082
1699624519.3002129,26,12,56,71,72,86.11111111111113,1.2750826169617748
1699624519.3002129,21,-141,58,74,74,83.78378378378379,-14.656418438272837
1699624519.3002129,20,-218,60,76,75,82.66666666666669,-22.01618412969245
1699624519.8631043,32,240,57,77,73,84.93150684931508,23.996777288565738
1699624519.8631043,31,164,57,76,72,86.11111111111113,16.91942262152814
1699624519.8631043,25,-62,56,72,72,86.11111111111113,-6.560196400571308
1699624519.8631043,27,87,56,75,72,86.11111111111113,9.16685046013392
1699624519.8631043,26,12,56,71,72,86.11111111111113,1.2750826169617748
1699624519.8631043,21,-141,58,74,75,82.66666666666669,-14.656418438272837
1699624519.8631043,20,-218,60,76,75,82.66666666666669,-22.01618412969245
1699624520.3196445,32,240,57,78,73,84.93150684931508,23.996777288565738
1699624520.3196445,31,164,57,76,72,86.11111111111113,16.91942262152814
1699624520.3196445,25,-63,56,73,72,86.11111111111113,-6.665061502275082
1699624520.3196445,26,12,56,71,72,86.11111111111113,1.2750826169617748
1699624520.3196445,27,87,56,73,72,86.11111111111113,9.16685046013392
1699624520.3196445,21,-141,58,74,74,83.78378378378379,-14.656418438272837
1699624520.3196445,20,-218,60,76,75,82.66666666666669,-22.01618412969245
1699624520.744069,32,240,57,77,73,84.93150684931508,23.996777288565738
1699624520.744069,31,164,57,76,72,86.11111111111113,16.91942262152814
1699624520.744069,25,-63,56,73,72,86.11111111111113,-6.665061502275082
1699624520.744069,27,87,56,73,72,86.11111111111113,9.16685046013392
1699624520.744069,26,12,56,71,72,86.11111111111113,1.2750826169617748
1699624520.744069,21,-141,58,74,74,83.78378378378379,-14.656418438272837
1699624520.744069,20,-219,60,75,75,82.66666666666669,-22.10746528048097
1699624521.1624286,32,240,57,78,73,84.93150684931508,23.996777288565738
1699624521.1624286,31,165,57,78,72,86.11111111111113,17.016645682135483
1699624521.1624286,25,-63,56,73,72,86.11111111111113,-6.665061502275082
1699624521.1624286,27,87,56,75,72,86.11111111111113,9.16685046013392
1699624521.1624286,26,12,56,71,72,86.11111111111113,1.2750826169617748
1699624521.1624286,20,-218,60,76,75,82.66666666666669,-22.01618412969245
1699624521.1624286,21,-141,58,74,74,83.78378378378379,-14.656418438272837
1699624521.6396663,25,-63,56,73,72,86.11111111111113,-6.665061502275082
1699624521.6396663,32,240,57,78,73,84.93150684931508,23.996777288565738
1699624521.6396663,26,12,56,71,72,86.11111111111113,1.2750826169617748
1699624521.6396663,27,87,56,73,72,86.11111111111113,9.16685046013392
1699624521.6396663,31,164,57,76,73,84.93150684931508,16.91942262152814
1699624521.6396663,20,-218,60,76,75,82.66666666666669,-22.01618412969245
1699624521.6396663,21,-141,58,74,74,83.78378378378379,-14.656418438272837
1699624522.1441164,32,240,57,77,73,84.93150684931508,23.996777288565738
1699624522.1441164,31,164,57,76,72,86.11111111111113,16.91942262152814
1699624522.1441164,25,-63,56,73,72,86.11111111111113,-6.665061502275082
1699624522.1441164,26,12,56,71,72,86.11111111111113,1.2750826169617748
1699624522.1441164,27,87,56,73,72,86.11111111111113,9.16685046013392
1699624522.1441164,21,-141,58,74,74,83.78378378378379,-14.656418438272837
1699624522.1441164,20,-219,60,75,75,82.66666666666669,-22.10746528048097
1699624522.5732574,25,-63,56,73,72,86.11111111111113,-6.665061502275082
1699624522.5732574,32,240,57,77,73,84.93150684931508,23.996777288565738
1699624522.5732574,31,164,57,76,72,86.11111111111113,16.91942262152814
1699624522.5732574,26,12,56,71,72,86.11111111111113,1.2750826169617748
1699624522.5732574,27,87,56,73,72,86.11111111111113,9.16685046013392
1699624522.5732574,21,-141,58,74,74,83.78378378378379,-14.656418438272837
1699624522.5732574,20,-219,60,75,75,82.66666666666669,-22.10746528048097
1699624522.9546278,32,240,57,78,73,84.93150684931508,23.996777288565738
1699624522.9546278,31,165,57,78,72,86.11111111111113,17.016645682135483
1699624522.9546278,25,-63,56,73,72,86.11111111111113,-6.665061502275082
1699624522.9546278,26,12,56,71,72,86.11111111111113,1.2750826169617748
1699624522.9546278,21,-141,58,74,74,83.78378378378379,-14.656418438272837
1699624522.9546278,20,-219,60,75,75,82.66666666666669,-22.10746528048097
1699624523.501103,32,240,57,78,73,84.93150684931508,23.996777288565738
1699624523.501103,25,-63,56,73,72,86.11111111111113,-6.665061502275082
1699624523.501103,27,87,56,73,72,86.11111111111113,9.16685046013392
1699624523.501103,21,-141,58,74,74,83.78378378378379,-14.656418438272837
1699624523.501103,31,165,56,78,73,84.93150684931508,17.016645682135483
1699624523.501103,20,-218,60,76,75,82.66666666666669,-22.01618412969245
1699624524.0768983,32,240,57,77,73,84.93150684931508,23.996777288565738
1699624524.0768983,31,164,57,77,72,86.11111111111113,16.91942262152814
1699624524.0768983,26,12,56,71,72,86.11111111111113,1.2750826169617748
1699624524.0768983,25,-63,56,73,73,84.93150684931508,-6.665061502275082
1699624524.0768983,27,87,56,74,72,86.11111111111113,9.16685046013392
1699624524.0768983,21,-141,58,74,74,83.78378378378379,-14.656418438272837
1699624524.0768983,20,-218,60,76,75,82.66666666666669,-22.01618412969245
1699624524.5266957,32,240,57,78,73,84.93150684931508,23.996777288565738
1699624524.5266957,31,164,57,76,72,86.11111111111113,16.91942262152814
1699624524.5266957,25,-63,56,73,73,84.93150684931508,-6.665061502275082
1699624524.5266957,27,87,56,73,72,86.11111111111113,9.16685046013392
1699624524.5266957,26,12,56,71,72,86.11111111111113,1.2750826169617748
1699624524.5266957,21,-141,58,74,74,83.78378378378379,-14.656418438272837
1699624524.5266957,20,-218,60,76,75,82.66666666666669,-22.01618412969245
1699624524.9639912,32,240,57,77,73,84.93150684931508,23.996777288565738
1699624524.9639912,31,164,57,76,72,86.11111111111113,16.91942262152814
1699624524.9639912,25,-63,56,73,73,84.93150684931508,-6.665061502275082
1699624524.9639912,27,87,56,75,72,86.11111111111113,9.16685046013392
1699624524.9639912,26,12,56,71,72,86.11111111111113,1.2750826169617748
1699624524.9639912,20,-218,60,76,75,82.66666666666669,-22.01618412969245
1699624525.5070586,32,240,57,77,73,84.93150684931508,23.996777288565738
1699624525.5070586,31,164,57,76,72,86.11111111111113,16.91942262152814
1699624525.5070586,25,-63,56,73,72,86.11111111111113,-6.665061502275082
1699624525.5070586,26,12,56,71,72,86.11111111111113,1.2750826169617748
1699624525.5070586,27,87,56,73,72,86.11111111111113,9.16685046013392
1699624525.5070586,21,-141,58,74,74,83.78378378378379,-14.656418438272837
1699624525.5070586,20,-219,60,75,75,82.66666666666669,-22.10746528048097
1699624525.9148746,32,240,57,77,73,84.93150684931508,23.996777288565738
1699624525.9148746,31,165,57,78,72,86.11111111111113,17.016645682135483
1699624525.9148746,25,-63,56,73,72,86.11111111111113,-6.665061502275082
1699624525.9148746,27,87,56,74,72,86.11111111111113,9.16685046013392
1699624525.9148746,26,12,56,71,72,86.11111111111113,1.2750826169617748
1699624525.9148746,21,-141,58,74,74,83.78378378378379,-14.656418438272837
1699624525.9148746,20,-218,60,76,75,82.66666666666669,-22.01618412969245
1699624526.3319082,31,164,57,76,72,86.11111111111113,16.91942262152814
1699624526.3319082,25,-63,56,73,72,86.11111111111113,-6.665061502275082
1699624526.3319082,26,12,56,71,72,86.11111111111113,1.2750826169617748
1699624526.3319082,27,87,56,73,72,86.11111111111113,9.16685046013392
1699624526.3319082,21,-141,58,74,74,83.78378378378379,-14.656418438272837
1699624526.3319082,20,-218,60,76,75,82.66666666666669,-22.01618412969245
1699624526.7656493,32,240,57,78,73,84.93150684931508,23.996777288565738
1699624526.7656493,25,-63,56,73,72,86.11111111111113,-6.665061502275082
1699624526.7656493,26,12,56,71,72,86.11111111111113,1.2750826169617748
1699624526.7656493,21,-141,58,74,74,83.78378378378379,-14.656418438272837
1699624526.7656493,20,-218,60,76,75,82.66666666666669,-22.01618412969245
1699624527.4773152,25,-63,56,73,72,86.11111111111113,-6.665061502275082
1699624527.4773152,26,12,56,71,72,86.11111111111113,1.2750826169617748
1699624527.4773152,27,88,56,74,72,86.11111111111113,9.27039735856775
1699624527.4773152,21,-141,58,74,74,83.78378378378379,-14.656418438272837
1699624527.4773152,20,-218,60,76,75,82.66666666666669,-22.01618412969245
1699624528.0687814,32,240,57,77,73,84.93150684931508,23.996777288565738
1699624528.0687814,31,165,57,78,72,86.11111111111113,17.016645682135483
1699624528.0687814,25,-63,56,73,73,84.93150684931508,-6.665061502275082
1699624528.0687814,26,12,57,71,74,83.78378378378379,1.2750826169617748
1699624528.0687814,27,87,56,74,72,86.11111111111113,9.16685046013392
1699624528.0687814,21,-141,58,74,74,83.78378378378379,-14.656418438272837
1699624528.0687814,20,-218,60,76,75,82.66666666666669,-22.01618412969245
1699624528.4833186,32,240,57,78,73,84.93150684931508,23.996777288565738
1699624528.4833186,25,-63,56,73,72,86.11111111111113,-6.665061502275082
1699624528.4833186,27,87,56,74,72,86.11111111111113,9.16685046013392
1699624528.4833186,26,12,56,71,72,86.11111111111113,1.2750826169617748
1699624528.4833186,21,-141,58,74,74,83.78378378378379,-14.656418438272837
1699624528.4833186,31,164,57,76,72,86.11111111111113,16.91942262152814
1699624528.4833186,20,-218,60,76,75,82.66666666666669,-22.01618412969245
1699624528.9504204,25,-63,56,73,73,84.93150684931508,-6.665061502275082
1699624528.9504204,32,240,57,78,73,84.93150684931508,23.996777288565738
1699624528.9504204,26,12,56,71,72,86.11111111111113,1.2750826169617748
1699624528.9504204,21,-141,58,74,74,83.78378378378379,-14.656418438272837
1699624528.9504204,31,164,57,76,72,86.11111111111113,16.91942262152814
1699624528.9504204,20,-218,60,76,75,82.66666666666669,-22.01618412969245
1699624529.4796705,32,240,57,77,73,84.93150684931508,23.996777288565738
1699624529.4796705,31,164,57,76,72,86.11111111111113,16.91942262152814
1699624529.4796705,25,-63,56,73,72,86.11111111111113,-6.665061502275082
1699624529.4796705,27,87,56,74,72,86.11111111111113,9.16685046013392
1699624529.4796705,26,12,56,71,72,86.11111111111113,1.2750826169617748
1699624529.4796705,20,-218,60,76,75,82.66666666666669,-22.01618412969245
1699624529.4796705,21,-141,58,74,74,83.78378378378379,-14.656418438272837
1699624529.9814117,32,240,57,77,73,84.93150684931508,23.996777288565738
1699624529.9814117,25,-63,57,73,74,83.78378378378379,-6.665061502275082
1699624529.9814117,27,87,56,73,72,86.11111111111113,9.16685046013392
1699624529.9814117,21,-141,58,74,74,83.78378378378379,-14.656418438272837
1699624529.9814117,31,164,56,76,73,84.93150684931508,16.91942262152814
1699624529.9814117,20,-218,60,76,75,82.66666666666669,-22.01618412969245
1699624530.550222,31,164,57,76,72,86.11111111111113,16.91942262152814
1699624530.550222,32,240,57,78,73,84.93150684931508,23.996777288565738
1699624530.550222,25,-63,56,73,73,84.93150684931508,-6.665061502275082
1699624530.550222,26,12,56,71,72,86.11111111111113,1.2750826169617748
1699624530.550222,21,-141,58,74,74,83.78378378378379,-14.656418438272837
1699624530.550222,20,-218,60,76,75,82.66666666666669,-22.01618412969245
1699624531.0737379,32,240,57,77,73,84.93150684931508,23.996777288565738
1699624531.0737379,25,-63,56,73,73,84.93150684931508,-6.665061502275082
1699624531.0737379,27,88,56,74,72,86.11111111111113,9.27039735856775
1699624531.0737379,21,-141,58,74,74,83.78378378378379,-14.656418438272837
1699624531.0737379,31,164,57,76,72,86.11111111111113,16.91942262152814
1699624531.0737379,20,-218,60,76,75,82.66666666666669,-22.01618412969245
1699624531.574534,32,240,58,78,74,83.78378378378379,23.996777288565738
1699624531.574534,27,87,56,73,72,86.11111111111113,9.16685046013392
1699624531.574534,21,-141,58,74,74,83.78378378378379,-14.656418438272837
1699624531.574534,31,164,57,77,72,86.11111111111113,16.91942262152814
1699624531.574534,20,-218,60,76,75,82.66666666666669,-22.01618412969245
1699624532.1637242,31,164,57,77,72,86.11111111111113,16.91942262152814
1699624532.1637242,32,240,57,77,73,84.93150684931508,23.996777288565738
1699624532.1637242,26,12,56,71,72,86.11111111111113,1.2750826169617748
1699624532.1637242,21,-141,58,74,74,83.78378378378379,-14.656418438272837
1699624532.1637242,25,-63,56,73,72,86.11111111111113,-6.665061502275082
1699624532.1637242,20,-218,60,76,75,82.66666666666669,-22.01618412969245
1699624532.7602267,25,-63,56,73,73,84.93150684931508,-6.665061502275082
1699624532.7602267,32,240,57,77,73,84.93150684931508,23.996777288565738
1699624532.7602267,31,165,57,78,72,86.11111111111113,17.016645682135483
1699624532.7602267,27,87,56,74,72,86.11111111111113,9.16685046013392
1699624532.7602267,26,12,56,71,72,86.11111111111113,1.2750826169617748
1699624532.7602267,21,-141,58,74,74,83.78378378378379,-14.656418438272837
1699624532.7602267,20,-218,60,76,75,82.66666666666669,-22.01618412969245
1699624533.2286773,32,240,57,77,73,84.93150684931508,23.996777288565738
1699624533.2286773,31,164,57,76,72,86.11111111111113,16.91942262152814
1699624533.2286773,25,-63,56,73,72,86.11111111111113,-6.665061502275082
1699624533.2286773,26,12,56,71,72,86.11111111111113,1.2750826169617748
1699624533.2286773,27,88,56,74,72,86.11111111111113,9.27039735856775
1699624533.2286773,21,-141,58,74,74,83.78378378378379,-14.656418438272837
1699624533.2286773,20,-218,60,76,75,82.66666666666669,-22.01618412969245
1699624533.6647294,32,240,57,78,73,84.93150684931508,23.996777288565738
1699624533.6647294,31,164,57,77,72,86.11111111111113,16.91942262152814
1699624533.6647294,25,-63,56,73,72,86.11111111111113,-6.665061502275082
1699624533.6647294,27,87,56,73,72,86.11111111111113,9.16685046013392
1699624533.6647294,26,12,56,71,72,86.11111111111113,1.2750826169617748
1699624533.6647294,21,-141,58,74,74,83.78378378378379,-14.656418438272837
1699624533.6647294,20,-218,60,76,75,82.66666666666669,-22.01618412969245
1699624534.099246,32,240,57,78,73,84.93150684931508,23.996777288565738
1699624534.099246,27,87,56,75,72,86.11111111111113,9.16685046013392
1699624534.099246,26,12,56,71,72,86.11111111111113,1.2750826169617748
1699624534.099246,25,-63,56,73,72,86.11111111111113,-6.665061502275082
1699624534.099246,31,165,57,78,72,86.11111111111113,17.016645682135483
1699624534.099246,20,-218,60,76,75,82.66666666666669,-22.01618412969245
1699624534.099246,21,-141,58,74,74,83.78378378378379,-14.656418438272837
1699624534.619744,32,240,57,78,73,84.93150684931508,23.996777288565738
1699624534.619744,26,12,56,71,72,86.11111111111113,1.2750826169617748
1699624534.619744,25,-63,56,73,72,86.11111111111113,-6.665061502275082
1699624534.619744,27,87,56,75,72,86.11111111111113,9.16685046013392
1699624534.619744,21,-141,58,74,74,83.78378378378379,-14.656418438272837
1699624534.619744,31,164,57,76,72,86.11111111111113,16.91942262152814
1699624534.619744,20,-218,60,76,75,82.66666666666669,-22.01618412969245
1699624535.1099055,32,240,57,77,73,84.93150684931508,23.996777288565738
1699624535.1099055,25,-63,56,73,72,86.11111111111113,-6.665061502275082
1699624535.1099055,26,12,56,71,72,86.11111111111113,1.2750826169617748
1699624535.1099055,21,-141,58,74,74,83.78378378378379,-14.656418438272837
1699624535.1099055,31,165,57,78,72,86.11111111111113,17.016645682135483
1699624535.8606992,32,240,57,77,73,84.93150684931508,23.996777288565738
1699624535.8606992,31,164,57,76,72,86.11111111111113,16.91942262152814
1699624535.8606992,25,-63,56,73,73,84.93150684931508,-6.665061502275082
1699624535.8606992,27,87,56,73,72,86.11111111111113,9.16685046013392
1699624535.8606992,26,12,56,71,73,84.93150684931508,1.2750826169617748
1699624535.8606992,21,-141,58,74,74,83.78378378378379,-14.656418438272837
1699624535.8606992,20,-218,60,76,75,82.66666666666669,-22.01618412969245
1699624536.3286736,32,240,57,78,73,84.93150684931508,23.996777288565738
1699624536.3286736,31,164,57,77,72,86.11111111111113,16.91942262152814
1699624536.3286736,25,-63,56,73,73,84.93150684931508,-6.665061502275082
1699624536.3286736,27,87,56,73,72,86.11111111111113,9.16685046013392
1699624536.3286736,26,12,56,71,72,86.11111111111113,1.2750826169617748
1699624536.3286736,20,-218,60,76,75,82.66666666666669,-22.01618412969245
1699624536.8249178,32,240,57,77,73,84.93150684931508,23.996777288565738
1699624536.8249178,25,-63,56,73,73,84.93150684931508,-6.665061502275082
1699624536.8249178,27,88,56,74,72,86.11111111111113,9.27039735856775
1699624536.8249178,26,12,56,71,72,86.11111111111113,1.2750826169617748
1699624536.8249178,21,-141,58,74,74,83.78378378378379,-14.656418438272837
1699624536.8249178,31,164,57,76,72,86.11111111111113,16.91942262152814
1699624536.8249178,20,-218,60,76,75,82.66666666666669,-22.01618412969245
1699624537.324135,32,240,57,78,73,84.93150684931508,23.996777288565738
1699624537.324135,31,164,57,76,72,86.11111111111113,16.91942262152814
1699624537.324135,27,88,56,74,72,86.11111111111113,9.27039735856775
1699624537.324135,26,12,56,71,72,86.11111111111113,1.2750826169617748
1699624537.324135,25,-63,56,73,73,84.93150684931508,-6.665061502275082
1699624537.324135,20,-218,60,76,75,82.66666666666669,-22.01618412969245
1699624537.8856952,32,240,57,77,73,84.93150684931508,23.996777288565738
1699624537.8856952,31,165,57,78,72,86.11111111111113,17.016645682135483
1699624537.8856952,25,-63,56,73,73,84.93150684931508,-6.665061502275082
1699624537.8856952,27,87,56,73,72,86.11111111111113,9.16685046013392
1699624537.8856952,26,12,56,71,72,86.11111111111113,1.2750826169617748
1699624537.8856952,21,-141,58,74,74,83.78378378378379,-14.656418438272837
1699624537.8856952,20,-218,60,76,75,82.66666666666669,-22.01618412969245
1699624538.346546,31,165,57,78,72,86.11111111111113,17.016645682135483
1699624538.346546,25,-63,57,73,74,83.78378378378379,-6.665061502275082
1699624538.346546,27,88,56,74,72,86.11111111111113,9.27039735856775
1699624538.346546,26,12,56,71,72,86.11111111111113,1.2750826169617748
1699624538.346546,20,-218,60,76,75,82.66666666666669,-22.01618412969245
1699624538.346546,21,-141,58,74,74,83.78378378378379,-14.656418438272837
1699624538.8532248,32,240,57,77,73,84.93150684931508,23.996777288565738
1699624538.8532248,26,12,56,71,72,86.11111111111113,1.2750826169617748
1699624538.8532248,27,88,56,74,72,86.11111111111113,9.27039735856775
1699624538.8532248,21,-141,58,74,74,83.78378378378379,-14.656418438272837
1699624538.8532248,31,165,56,78,73,84.93150684931508,17.016645682135483
1699624539.3900099,32,240,57,78,73,84.93150684931508,23.996777288565738
1699624539.3900099,31,164,57,76,72,86.11111111111113,16.91942262152814
1699624539.3900099,25,-63,56,73,73,84.93150684931508,-6.665061502275082
1699624539.3900099,27,87,56,75,72,86.11111111111113,9.16685046013392
1699624539.3900099,26,12,56,71,72,86.11111111111113,1.2750826169617748
1699624539.3900099,21,-141,58,74,74,83.78378378378379,-14.656418438272837
1699624539.3900099,20,-218,60,76,75,82.66666666666669,-22.01618412969245
1699624539.8470144,32,240,57,77,73,84.93150684931508,23.996777288565738
1699624539.8470144,26,12,56,71,72,86.11111111111113,1.2750826169617748
1699624539.8470144,25,-63,56,73,72,86.11111111111113,-6.665061502275082
1699624539.8470144,21,-141,58,74,74,83.78378378378379,-14.656418438272837
1699624539.8470144,31,165,57,78,72,86.11111111111113,17.016645682135483
1699624539.8470144,20,-218,60,76,75,82.66666666666669,-22.01618412969245
1699624540.380979,32,240,57,78,73,84.93150684931508,23.996777288565738
1699624540.380979,31,165,57,78,72,86.11111111111113,17.016645682135483
1699624540.380979,25,-63,56,73,73,84.93150684931508,-6.665061502275082
1699624540.380979,27,88,56,74,72,86.11111111111113,9.27039735856775
1699624540.380979,26,12,56,71,72,86.11111111111113,1.2750826169617748
1699624540.380979,21,-141,58,74,74,83.78378378378379,-14.656418438272837
1699624540.380979,20,-218,60,76,75,82.66666666666669,-22.01618412969245
1699624540.823805,32,240,58,78,74,83.78378378378379,23.996777288565738
1699624540.823805,26,12,56,71,72,86.11111111111113,1.2750826169617748
1699624540.823805,21,-141,58,74,74,83.78378378378379,-14.656418438272837
1699624540.823805,31,165,57,78,72,86.11111111111113,17.016645682135483
1699624540.823805,20,-218,60,76,75,82.66666666666669,-22.01618412969245
1699624540.823805,25,-62,56,72,73,84.93150684931508,-6.560196400571308
1699624541.3513384,32,240,57,77,73,84.93150684931508,23.996777288565738
1699624541.3513384,31,165,57,78,72,86.11111111111113,17.016645682135483
1699624541.3513384,27,87,56,73,72,86.11111111111113,9.16685046013392
1699624541.3513384,26,12,56,71,73,84.93150684931508,1.2750826169617748
1699624541.3513384,21,-141,58,74,74,83.78378378378379,-14.656418438272837
1699624541.3513384,25,-63,56,73,73,84.93150684931508,-6.665061502275082
1699624541.3513384,20,-218,60,76,75,82.66666666666669,-22.01618412969245
1699624541.76767,32,240,57,78,73,84.93150684931508,23.996777288565738
1699624541.76767,26,12,56,71,72,86.11111111111113,1.2750826169617748
1699624541.76767,21,-141,58,74,74,83.78378378378379,-14.656418438272837
1699624541.76767,31,164,56,76,73,84.93150684931508,16.91942262152814
1699624541.76767,20,-218,60,76,75,82.66666666666669,-22.01618412969245
1699624542.3632839,32,240,57,77,73,84.93150684931508,23.996777288565738
1699624542.3632839,31,165,57,78,72,86.11111111111113,17.016645682135483
1699624542.3632839,25,-63,56,73,73,84.93150684931508,-6.665061502275082
1699624542.3632839,27,87,56,74,72,86.11111111111113,9.16685046013392
1699624542.3632839,21,-141,58,74,74,83.78378378378379,-14.656418438272837
1699624542.3632839,20,-218,60,76,75,82.66666666666669,-22.01618412969245
1699624542.8401027,32,240,57,78,73,84.93150684931508,23.996777288565738
1699624542.8401027,26,12,56,71,72,86.11111111111113,1.2750826169617748
1699624542.8401027,31,164,56,76,73,84.93150684931508,16.91942262152814
1699624542.8401027,27,87,56,73,72,86.11111111111113,9.16685046013392
1699624542.8401027,21,-141,58,74,74,83.78378378378379,-14.656418438272837
1699624542.8401027,25,-63,56,73,72,86.11111111111113,-6.665061502275082
1699624543.5486557,32,240,57,78,73,84.93150684931508,23.996777288565738
1699624543.5486557,25,-63,56,73,73,84.93150684931508,-6.665061502275082
1699624543.5486557,26,12,56,71,72,86.11111111111113,1.2750826169617748
1699624543.5486557,21,-141,58,74,74,83.78378378378379,-14.656418438272837
1699624543.5486557,31,165,57,78,72,86.11111111111113,17.016645682135483
1699624543.5486557,20,-218,60,76,75,82.66666666666669,-22.01618412969245
1699624544.1372142,32,240,57,77,73,84.93150684931508,23.996777288565738
1699624544.1372142,25,-63,56,73,73,84.93150684931508,-6.665061502275082
1699624544.1372142,26,12,56,71,72,86.11111111111113,1.2750826169617748
1699624544.1372142,21,-141,58,74,74,83.78378378378379,-14.656418438272837
1699624544.1372142,31,165,57,78,72,86.11111111111113,17.016645682135483
1699624544.1372142,20,-218,60,76,75,82.66666666666669,-22.01618412969245
1699624544.6075127,32,240,57,78,73,84.93150684931508,23.996777288565738
1699624544.6075127,25,-63,56,73,73,84.93150684931508,-6.665061502275082
1699624544.6075127,26,12,56,71,73,84.93150684931508,1.2750826169617748
1699624544.6075127,21,-141,58,74,74,83.78378378378379,-14.656418438272837
1699624544.6075127,31,164,57,76,72,86.11111111111113,16.91942262152814
1699624544.6075127,20,-218,60,76,75,82.66666666666669,-22.01618412969245
1699624545.1640222,32,240,57,77,73,84.93150684931508,23.996777288565738
1699624545.1640222,27,87,56,75,72,86.11111111111113,9.16685046013392
1699624545.1640222,26,12,56,71,72,86.11111111111113,1.2750826169617748
1699624545.1640222,21,-142,58,73,74,83.78378378378379,-14.755843914731853
1699624545.1640222,31,164,56,76,73,84.93150684931508,16.91942262152814
1699624545.1640222,20,-218,60,76,75,82.66666666666669,-22.01618412969245
1699624545.7328658,32,240,57,77,73,84.93150684931508,23.996777288565738
1699624545.7328658,31,165,57,78,72,86.11111111111113,17.016645682135483
1699624545.7328658,26,12,56,71,72,86.11111111111113,1.2750826169617748
1699624545.7328658,27,87,56,74,72,86.11111111111113,9.16685046013392
1699624545.7328658,21,-141,58,74,74,83.78378378378379,-14.656418438272837
1699624545.7328658,20,-218,60,76,75,82.66666666666669,-22.01618412969245
1699624545.7328658,25,-63,56,73,72,86.11111111111113,-6.665061502275082
1699624546.201823,32,240,57,78,73,84.93150684931508,23.996777288565738
1699624546.201823,31,165,56,78,73,84.93150684931508,17.016645682135483
1699624546.201823,25,-63,56,73,73,84.93150684931508,-6.665061502275082
1699624546.201823,27,87,56,75,72,86.11111111111113,9.16685046013392
1699624546.201823,26,12,56,71,72,86.11111111111113,1.2750826169617748
1699624546.201823,21,-141,58,74,74,83.78378378378379,-14.656418438272837
1699624546.201823,20,-218,60,76,75,82.66666666666669,-22.01618412969245
1699624546.6359875,32,240,57,77,73,84.93150684931508,23.996777288565738
1699624546.6359875,27,88,56,74,72,86.11111111111113,9.27039735856775
1699624546.6359875,20,-218,60,76,75,82.66666666666669,-22.01618412969245
1699624546.6359875,25,-63,56,73,73,84.93150684931508,-6.665061502275082
1699624547.4537294,32,240,57,78,73,84.93150684931508,23.996777288565738
1699624547.4537294,25,-63,56,73,73,84.93150684931508,-6.665061502275082
1699624547.4537294,27,87,56,74,72,86.11111111111113,9.16685046013392
1699624547.4537294,26,12,57,71,74,83.78378378378379,1.2750826169617748
1699624547.4537294,21,-142,58,73,74,83.78378378378379,-14.755843914731853
1699624547.4537294,31,164,57,76,72,86.11111111111113,16.91942262152814
1699624547.4537294,20,-218,60,76,75,82.66666666666669,-22.01618412969245
1699624547.933619,32,240,57,77,73,84.93150684931508,23.996777288565738
1699624547.933619,25,-63,56,73,73,84.93150684931508,-6.665061502275082
1699624547.933619,27,87,56,74,72,86.11111111111113,9.16685046013392
1699624547.933619,21,-141,58,74,74,83.78378378378379,-14.656418438272837
1699624547.933619,31,165,57,78,72,86.11111111111113,17.016645682135483
1699624547.933619,20,-218,60,76,75,82.66666666666669,-22.01618412969245
1699624548.5139832,26,12,56,71,72,86.11111111111113,1.2750826169617748
1699624548.5139832,32,240,57,78,73,84.93150684931508,23.996777288565738
1699624548.5139832,27,87,56,73,72,86.11111111111113,9.16685046013392
1699624548.5139832,21,-141,58,74,74,83.78378378378379,-14.656418438272837
1699624548.5139832,31,163,57,75,72,86.11111111111113,16.822099089140682
1699624549.177124,32,240,57,77,73,84.93150684931508,23.996777288565738
1699624549.177124,26,12,56,71,72,86.11111111111113,1.2750826169617748
1699624549.177124,25,-63,56,73,73,84.93150684931508,-6.665061502275082
1699624549.177124,27,88,56,74,72,86.11111111111113,9.27039735856775
1699624549.177124,31,165,57,78,72,86.11111111111113,17.016645682135483
1699624549.177124,20,-218,60,76,75,82.66666666666669,-22.01618412969245
1699624549.177124,21,-141,58,74,74,83.78378378378379,-14.656418438272837
1699624549.7508051,32,240,57,78,73,84.93150684931508,23.996777288565738
1699624549.7508051,27,87,56,73,72,86.11111111111113,9.16685046013392
1699624549.7508051,21,-141,58,74,74,83.78378378378379,-14.656418438272837
1699624549.7508051,31,164,57,76,72,86.11111111111113,16.91942262152814
1699624549.7508051,20,-218,60,76,75,82.66666666666669,-22.01618412969245
1699624549.7508051,25,-63,56,73,73,84.93150684931508,-6.665061502275082
1699624550.3950841,32,240,57,77,73,84.93150684931508,23.996777288565738
1699624550.3950841,25,-63,56,73,73,84.93150684931508,-6.665061502275082
1699624550.3950841,27,88,56,74,72,86.11111111111113,9.27039735856775
1699624550.3950841,26,12,56,71,72,86.11111111111113,1.2750826169617748
1699624550.3950841,21,-141,58,74,74,83.78378378378379,-14.656418438272837
1699624550.3950841,31,165,57,78,72,86.11111111111113,17.016645682135483
1699624550.3950841,20,-218,60,76,75,82.66666666666669,-22.01618412969245
1699624550.8879583,31,164,56,77,73,84.93150684931508,16.91942262152814
1699624550.8879583,32,240,57,78,73,84.93150684931508,23.996777288565738
1699624550.8879583,26,12,57,71,74,83.78378378378379,1.2750826169617748
1699624550.8879583,27,87,56,74,72,86.11111111111113,9.16685046013392
1699624550.8879583,21,-141,58,74,74,83.78378378378379,-14.656418438272837
1699624550.8879583,20,-218,60,76,75,82.66666666666669,-22.01618412969245
1699624550.8879583,25,-63,56,73,73,84.93150684931508,-6.665061502275082
1699624551.3008728,32,240,57,78,73,84.93150684931508,23.996777288565738
1699624551.3008728,25,-63,56,73,73,84.93150684931508,-6.665061502275082
1699624551.3008728,27,87,56,75,72,86.11111111111113,9.16685046013392
1699624551.3008728,26,12,56,71,73,84.93150684931508,1.2750826169617748
1699624551.3008728,21,-141,58,74,74,83.78378378378379,-14.656418438272837
1699624551.3008728,31,165,57,78,72,86.11111111111113,17.016645682135483
1699624551.3008728,20,-218,60,76,75,82.66666666666669,-22.01618412969245
1699624551.8063605,32,240,57,78,73,84.93150684931508,23.996777288565738
1699624551.8063605,26,12,56,71,72,86.11111111111113,1.2750826169617748
1699624551.8063605,21,-141,58,74,74,83.78378378378379,-14.656418438272837
1699624551.8063605,31,164,57,77,72,86.11111111111113,16.91942262152814
1699624552.3901613,32,240,57,77,73,84.93150684931508,23.996777288565738
1699624552.3901613,31,164,57,76,72,86.11111111111113,16.91942262152814
1699624552.3901613,27,88,56,74,72,86.11111111111113,9.27039735856775
1699624552.3901613,26,12,56,71,72,86.11111111111113,1.2750826169617748
1699624552.3901613,25,-63,56,73,73,84.93150684931508,-6.665061502275082
1699624552.3901613,21,-141,58,74,74,83.78378378378379,-14.656418438272837
1699624552.3901613,20,-218,60,76,75,82.66666666666669,-22.01618412969245
1699624552.8954546,32,240,57,78,73,84.93150684931508,23.996777288565738
1699624552.8954546,27,87,56,73,72,86.11111111111113,9.16685046013392
1699624552.8954546,21,-141,58,74,74,83.78378378378379,-14.656418438272837
1699624552.8954546,31,165,56,78,73,84.93150684931508,17.016645682135483
1699624552.8954546,20,-218,60,76,75,82.66666666666669,-22.01618412969245
1699624552.8954546,25,-63,56,73,73,84.93150684931508,-6.665061502275082
1699624552.8954546,26,12,56,71,72,86.11111111111113,1.2750826169617748
1699624553.4500065,32,240,57,77,73,84.93150684931508,23.996777288565738
1699624553.4500065,31,165,56,78,73,84.93150684931508,17.016645682135483
1699624553.4500065,26,12,56,71,73,84.93150684931508,1.2750826169617748
1699624553.4500065,21,-141,58,74,74,83.78378378378379,-14.656418438272837
1699624553.4500065,25,-63,56,73,73,84.93150684931508,-6.665061502275082
1699624553.4500065,20,-218,60,76,75,82.66666666666669,-22.01618412969245
1699624554.2120423,32,240,57,78,73,84.93150684931508,23.996777288565738
1699624554.2120423,25,-63,56,73,73,84.93150684931508,-6.665061502275082
1699624554.2120423,27,87,56,73,72,86.11111111111113,9.16685046013392
1699624554.2120423,26,12,56,71,72,86.11111111111113,1.2750826169617748
1699624554.2120423,21,-141,58,74,74,83.78378378378379,-14.656418438272837
1699624554.2120423,31,163,57,75,72,86.11111111111113,16.822099089140682
1699624554.2120423,20,-218,60,76,75,82.66666666666669,-22.01618412969245
