1699622657.3892534,3,-9,-23,259,254,24.40944881889764,-0.9563810345917811
1699622658.2971935,3,-9,-24,259,253,24.505928853754945,-0.9563810345917811
1699622658.475772,3,-9,-24,259,252,24.603174603174608,-0.9563810345917811
1699622658.6449497,3,-9,-22,259,256,24.218750000000004,-0.9563810345917811
1699622658.8877423,3,-9,-24,259,253,24.505928853754945,-0.9563810345917811
1699622659.0637565,3,-9,-22,259,256,24.218750000000004,-0.9563810345917811
1699622659.255898,3,-9,-24,259,253,24.505928853754945,-0.9563810345917811
1699622659.4422767,3,-9,-24,259,253,24.505928853754945,-0.9563810345917811
1699622659.6103876,3,-9,-24,259,253,24.505928853754945,-0.9563810345917811
1699622659.7866995,3,-9,-23,259,255,24.31372549019608,-0.9563810345917811
1699622659.9852405,3,-9,-24,259,253,24.505928853754945,-0.9563810345917811
1699622660.1633873,3,-9,-22,259,256,24.218750000000004,-0.9563810345917811
1699622660.3475997,3,-9,-24,259,253,24.505928853754945,-0.9563810345917811
1699622660.5146403,3,-9,-23,259,254,24.40944881889764,-0.9563810345917811
1699622660.6919894,3,-9,-24,259,252,24.603174603174608,-0.9563810345917811
1699622660.8608575,3,-9,-24,259,253,24.505928853754945,-0.9563810345917811
1699622661.0475295,3,-9,-23,259,254,24.40944881889764,-0.9563810345917811
1699622661.2383099,3,-9,-24,259,252,24.603174603174608,-0.9563810345917811
1699622661.4189823,3,-9,-24,259,253,24.505928853754945,-0.9563810345917811
1699622661.5893235,3,-9,-23,259,255,24.31372549019608,-0.9563810345917811
1699622661.8048391,3,-9,-24,259,253,24.505928853754945,-0.9563810345917811
1699622661.9832966,3,-9,-24,259,253,24.505928853754945,-0.9563810345917811
1699622662.1610675,3,-9,-23,259,255,24.31372549019608,-0.9563810345917811
1699622662.3395493,3,-9,-24,259,253,24.505928853754945,-0.9563810345917811
1699622662.5216775,3,-9,-24,259,253,24.505928853754945,-0.9563810345917811
1699622662.7184873,3,-9,-24,259,253,24.505928853754945,-0.9563810345917811
1699622662.892203,3,-9,-23,259,255,24.31372549019608,-0.9563810345917811
1699622663.0678167,3,-9,-24,259,253,24.505928853754945,-0.9563810345917811
1699622663.2553358,3,-9,-23,259,255,24.31372549019608,-0.9563810345917811
1699622663.425294,3,-9,-24,259,253,24.505928853754945,-0.9563810345917811
1699622663.598444,3,-9,-24,259,253,24.505928853754945,-0.9563810345917811
1699622663.7920995,3,-9,-23,259,255,24.31372549019608,-0.9563810345917811
1699622663.9735968,3,-9,-22,259,256,24.218750000000004,-0.9563810345917811
1699622664.1448247,3,-9,-22,259,257,24.124513618677046,-0.9563810345917811
1699622664.3194103,3,-9,-23,259,255,24.31372549019608,-0.9563810345917811
1699622664.5050874,3,-9,-24,259,253,24.505928853754945,-0.9563810345917811
1699622664.6805484,3,-9,-22,259,256,24.218750000000004,-0.9563810345917811
1699622664.8549771,3,-9,-23,259,255,24.31372549019608,-0.9563810345917811
1699622665.0319026,3,-9,-23,259,255,24.31372549019608,-0.9563810345917811
1699622665.2017221,3,-9,-24,259,253,24.505928853754945,-0.9563810345917811
1699622665.3666022,3,-9,-23,259,254,24.40944881889764,-0.9563810345917811
1699622665.5661879,3,-9,-24,259,253,24.505928853754945,-0.9563810345917811
1699622665.7607608,3,-9,-24,259,253,24.505928853754945,-0.9563810345917811
1699622665.9480243,3,-9,-23,259,254,24.40944881889764,-0.9563810345917811
1699622666.1201603,3,-9,-23,259,254,24.40944881889764,-0.9563810345917811
1699622666.3157218,3,-9,-24,259,253,24.505928853754945,-0.9563810345917811
1699622666.4827626,3,-9,-23,259,254,24.40944881889764,-0.9563810345917811
1699622666.7039158,3,-9,-24,259,253,24.505928853754945,-0.9563810345917811
1699622666.9104476,3,-9,-24,259,253,24.505928853754945,-0.9563810345917811
1699622667.0985432,3,-9,-22,259,256,24.218750000000004,-0.9563810345917811
1699622667.270871,3,-9,-24,259,253,24.505928853754945,-0.9563810345917811
1699622667.449993,3,-9,-23,259,255,24.31372549019608,-0.9563810345917811
1699622667.6313417,3,-9,-23,259,254,24.40944881889764,-0.9563810345917811
1699622667.8048365,3,-9,-24,259,253,24.505928853754945,-0.9563810345917811
1699622667.9765189,3,-9,-23,259,255,24.31372549019608,-0.9563810345917811
1699622668.1547565,3,-9,-24,259,253,24.505928853754945,-0.9563810345917811
1699622668.3197439,3,-9,-24,259,253,24.505928853754945,-0.9563810345917811
1699622668.5028508,3,-9,-24,259,253,24.505928853754945,-0.9563810345917811
1699622668.6806762,3,-9,-23,259,254,24.40944881889764,-0.9563810345917811
1699622668.8567922,3,-9,-24,259,253,24.505928853754945,-0.9563810345917811
1699622669.0354898,3,-9,-24,259,253,24.505928853754945,-0.9563810345917811
1699622669.2064428,3,-9,-24,259,253,24.505928853754945,-0.9563810345917811
1699622669.3797584,3,-9,-24,259,253,24.505928853754945,-0.9563810345917811
1699622669.5416174,3,-9,-23,259,254,24.40944881889764,-0.9563810345917811
1699622669.7106025,3,-9,-24,259,253,24.505928853754945,-0.9563810345917811
1699622669.8800035,3,-9,-24,259,253,24.505928853754945,-0.9563810345917811
1699622670.0478783,3,-9,-24,259,253,24.505928853754945,-0.9563810345917811
1699622670.2223454,3,-9,-24,259,253,24.505928853754945,-0.9563810345917811
1699622670.3875613,3,-9,-24,259,253,24.505928853754945,-0.9563810345917811
1699622670.5659072,3,-9,-24,259,253,24.505928853754945,-0.9563810345917811
1699622670.7414443,3,-9,-23,259,255,24.31372549019608,-0.9563810345917811
1699622670.9169261,3,-9,-24,259,253,24.505928853754945,-0.9563810345917811
1699622671.0967379,3,-9,-23,259,255,24.31372549019608,-0.9563810345917811
1699622671.2693386,3,-9,-23,259,255,24.31372549019608,-0.9563810345917811
1699622671.4451904,3,-9,-24,259,253,24.505928853754945,-0.9563810345917811
1699622671.6258934,3,-9,-23,259,254,24.40944881889764,-0.9563810345917811
1699622671.7960248,3,-9,-24,259,253,24.505928853754945,-0.9563810345917811
1699622671.9796965,3,-9,-24,259,253,24.505928853754945,-0.9563810345917811
1699622672.163754,3,-9,-24,259,253,24.505928853754945,-0.9563810345917811
1699622672.337638,3,-9,-24,259,253,24.505928853754945,-0.9563810345917811
1699622672.5101986,3,-9,-23,259,254,24.40944881889764,-0.9563810345917811
1699622672.6787705,3,-9,-23,259,254,24.40944881889764,-0.9563810345917811
1699622672.8513322,3,-9,-23,259,254,24.40944881889764,-0.9563810345917811
1699622673.0192845,3,-9,-23,259,254,24.40944881889764,-0.9563810345917811
1699622673.1924486,3,-9,-24,259,253,24.505928853754945,-0.9563810345917811
1699622673.3603418,3,-9,-24,259,253,24.505928853754945,-0.9563810345917811
1699622673.537535,3,-9,-23,259,254,24.40944881889764,-0.9563810345917811
1699622673.7075155,3,-9,-24,259,253,24.505928853754945,-0.9563810345917811
1699622673.886316,3,-9,-24,259,253,24.505928853754945,-0.9563810345917811
1699622674.0657434,3,-9,-24,259,253,24.505928853754945,-0.9563810345917811
1699622674.2386515,3,-9,-23,259,254,24.40944881889764,-0.9563810345917811
1699622674.411673,3,-9,-24,259,253,24.505928853754945,-0.9563810345917811
1699622674.594627,3,-9,-23,259,254,24.40944881889764,-0.9563810345917811
1699622674.7710402,3,-9,-24,259,253,24.505928853754945,-0.9563810345917811
1699622674.9441733,3,-9,-24,259,253,24.505928853754945,-0.9563810345917811
1699622675.1240041,3,-9,-24,259,253,24.505928853754945,-0.9563810345917811
1699622675.3165553,3,-9,-24,259,253,24.505928853754945,-0.9563810345917811
1699622675.5019205,3,-9,-24,259,253,24.505928853754945,-0.9563810345917811
1699622675.6909862,3,-9,-23,259,254,24.40944881889764,-0.9563810345917811
1699622675.8636158,3,-9,-24,259,253,24.505928853754945,-0.9563810345917811
1699622676.0464387,3,-9,-24,259,253,24.505928853754945,-0.9563810345917811
1699622676.223016,3,-9,-24,259,253,24.505928853754945,-0.9563810345917811
1699622676.3958967,3,-9,-24,259,253,24.505928853754945,-0.9563810345917811
1699622676.582055,3,-9,-24,259,253,24.505928853754945,-0.9563810345917811
1699622676.7661161,3,-9,-23,259,254,24.40944881889764,-0.9563810345917811
1699622676.9422886,3,-9,-24,259,253,24.505928853754945,-0.9563810345917811
1699622677.1151304,3,-9,-24,259,253,24.505928853754945,-0.9563810345917811
1699622677.2884994,3,-9,-24,259,253,24.505928853754945,-0.9563810345917811
1699622677.467689,3,-9,-24,259,253,24.505928853754945,-0.9563810345917811
1699622677.6355507,3,-9,-24,259,253,24.505928853754945,-0.9563810345917811
1699622677.8151188,3,-9,-24,259,253,24.505928853754945,-0.9563810345917811
1699622677.982521,3,-9,-24,259,255,24.31372549019608,-0.9563810345917811
1699622678.163449,3,-9,-24,259,253,24.505928853754945,-0.9563810345917811
1699622678.3565614,3,-9,-24,259,253,24.505928853754945,-0.9563810345917811
1699622678.5350559,3,-9,-23,259,255,24.31372549019608,-0.9563810345917811
1699622678.7214174,3,-9,-23,259,254,24.40944881889764,-0.9563810345917811
1699622678.8899248,3,-9,-24,259,253,24.505928853754945,-0.9563810345917811
1699622679.0656123,3,-9,-24,259,253,24.505928853754945,-0.9563810345917811
1699622679.239355,3,-9,-23,259,254,24.40944881889764,-0.9563810345917811
1699622679.4133046,3,-9,-24,259,255,24.31372549019608,-0.9563810345917811
1699622679.602393,3,-9,-24,259,253,24.505928853754945,-0.9563810345917811
1699622679.7764606,3,-8,-23,260,254,24.40944881889764,-0.8501330454313055
1699622679.9499927,3,-10,-23,259,254,24.40944881889764,-1.0626224461126088
1699622680.1381636,3,-9,-24,259,254,24.40944881889764,-0.9563810345917811
1699622680.3251207,3,-9,-25,261,255,24.31372549019608,-0.9563810345917811
1699622680.5097368,3,-24,-18,265,258,24.031007751937988,-2.548903494068427
1699622680.691172,3,-21,-20,266,262,23.664122137404583,-2.2306353530719227
1699622680.866038,3,-8,-1,278,273,22.710622710622715,-0.8501330454313055
1699622681.0367427,3,2,-35,293,285,21.754385964912284,0.212547884480388
1699622681.2265415,3,3,-30,295,286,21.67832167832168,0.3188199986227441
1699622681.4096665,3,-8,-39,299,291,21.305841924398628,-0.8501330454313055
1699622681.6063933,3,-8,-40,299,290,21.37931034482759,-0.8501330454313055
1699622681.7841148,3,-8,-38,299,293,21.160409556313997,-0.8501330454313055
1699622681.9748871,3,-8,-38,299,290,21.37931034482759,-0.8501330454313055
1699622682.1530044,3,-8,-38,299,291,21.305841924398628,-0.8501330454313055
1699622682.3453467,3,-8,-38,299,291,21.305841924398628,-0.8501330454313055
1699622682.516211,3,-8,-38,299,291,21.305841924398628,-0.8501330454313055
1699622682.6952424,3,-8,-38,299,290,21.37931034482759,-0.8501330454313055
1699622682.8979168,3,-8,-38,299,290,21.37931034482759,-0.8501330454313055
1699622683.0731373,3,-8,-38,299,290,21.37931034482759,-0.8501330454313055
1699622683.278405,3,-8,-38,299,291,21.305841924398628,-0.8501330454313055
1699622683.4724073,3,-8,-38,299,290,21.37931034482759,-0.8501330454313055
1699622683.6608903,3,-8,-38,299,291,21.305841924398628,-0.8501330454313055
1699622683.8648179,3,-8,-38,299,290,21.37931034482759,-0.8501330454313055
1699622684.0438282,3,-8,-41,300,290,21.37931034482759,-0.8501330454313055
1699622684.2209134,3,-11,-35,300,291,21.305841924398628,-1.1688565501000576
1699622684.4095042,3,-55,21,327,315,19.682539682539684,-5.824942124530689
1699622684.5960886,3,20,-28,356,333,18.618618618618623,2.124514387441452
1699622684.7904603,3,23,-52,358,345,17.971014492753625,2.4428306303611227
1699622684.9778779,3,16,-56,366,349,17.765042979942695,1.6998919335324794
1699622685.1610272,3,14,-57,363,348,17.81609195402299,1.4875077226255586
1699622685.347102,3,15,-57,362,349,17.765042979942695,1.593705304019792
1699622685.5467987,3,15,-57,362,349,17.765042979942695,1.593705304019792
1699622685.7530837,3,16,-56,366,348,17.81609195402299,1.6998919335324794
1699622685.9460046,3,14,-57,363,349,17.765042979942695,1.4875077226255586
1699622686.1382658,3,14,-57,363,349,17.765042979942695,1.4875077226255586
1699622686.3267682,3,15,-57,364,349,17.765042979942695,1.593705304019792
1699622686.520035,3,14,-57,363,349,17.765042979942695,1.4875077226255586
1699622686.724267,3,15,-57,362,349,17.765042979942695,1.593705304019792
1699622686.9450054,3,16,-56,366,348,17.81609195402299,1.6998919335324794
1699622687.1544425,3,14,-57,363,348,17.81609195402299,1.4875077226255586
1699622687.3492413,3,15,-57,363,349,17.765042979942695,1.593705304019792
1699622687.5599813,3,15,-57,364,349,17.765042979942695,1.593705304019792
1699622687.7560139,3,15,-57,362,349,17.765042979942695,1.593705304019792
1699622687.9651828,3,15,-57,362,349,17.765042979942695,1.593705304019792
1699622688.1459644,3,15,-57,362,349,17.765042979942695,1.593705304019792
1699622688.3484917,3,15,-56,364,348,17.81609195402299,1.593705304019792
1699622688.5365367,3,14,-57,363,348,17.81609195402299,1.4875077226255586
1699622688.7322197,3,14,-57,363,349,17.765042979942695,1.4875077226255586
1699622688.9224186,3,14,-57,363,348,17.81609195402299,1.4875077226255586
1699622689.0995905,3,15,-57,364,349,17.765042979942695,1.593705304019792
1699622689.32808,3,15,-57,362,347,17.867435158501443,1.593705304019792
1699622689.522172,3,14,-57,363,348,17.81609195402299,1.4875077226255586
1699622689.7205727,3,16,-58,364,348,17.81609195402299,1.6998919335324794
1699622689.9173453,3,16,-56,364,350,17.714285714285715,1.6998919335324794
1699622690.1271672,3,18,-49,370,358,17.318435754189945,1.9122294268504203
1699622690.3161283,3,-9,-55,394,372,16.666666666666668,-0.9563810345917811
1699622696.278189,3,8,-59,383,365,16.986301369863018,0.8501330454313055
1699622696.480015,3,6,-60,383,365,16.986301369863018,0.6376202550928943
1699622696.6841872,3,7,-61,385,364,17.032967032967036,0.74387920879624
1699622696.8580632,3,7,-61,384,365,16.986301369863018,0.74387920879624
1699622697.0618062,3,8,-60,387,364,17.032967032967036,0.8501330454313055
1699622697.2745655,3,6,-61,383,363,17.079889807162537,0.6376202550928943
1699622697.4672558,3,7,-61,384,363,17.079889807162537,0.74387920879624
1699622697.6758556,3,7,-61,385,365,16.986301369863018,0.74387920879624
1699622697.8663018,3,7,-61,382,364,17.032967032967036,0.74387920879624
1699622698.0687306,3,7,-61,382,364,17.032967032967036,0.74387920879624
1699622698.2848501,3,8,-61,385,365,16.986301369863018,0.8501330454313055
1699622698.4710548,3,7,-61,385,364,17.032967032967036,0.74387920879624
1699622698.66329,3,8,-62,385,363,17.079889807162537,0.8501330454313055
1699622698.8683593,3,8,-62,384,363,17.079889807162537,0.8501330454313055
1699622699.06582,3,8,-61,386,364,17.032967032967036,0.8501330454313055
1699622699.2793217,3,9,-61,386,364,17.032967032967036,0.9563810345917811
1699622699.479874,3,9,-61,389,364,17.032967032967036,0.9563810345917811
1699622699.7026265,3,8,-61,385,364,17.032967032967036,0.8501330454313055
1699622699.9224408,3,8,-61,384,364,17.032967032967036,0.8501330454313055
1699622700.126558,3,8,-61,384,364,17.032967032967036,0.8501330454313055
1699622700.3242314,3,8,-61,384,364,17.032967032967036,0.8501330454313055
1699622700.5266342,3,9,-61,387,364,17.032967032967036,0.9563810345917811
1699622700.7223828,3,9,-61,387,364,17.032967032967036,0.9563810345917811
1699622700.9281495,3,9,-61,388,365,16.986301369863018,0.9563810345917811
1699622701.1392107,3,8,-61,385,364,17.032967032967036,0.8501330454313055
1699622701.3571854,3,10,-60,389,364,17.032967032967036,1.0626224461126088
1699622701.5632524,3,10,-61,388,363,17.079889807162537,1.0626224461126088
1699622701.760564,3,9,-61,386,364,17.032967032967036,0.9563810345917811
1699622701.9542694,3,10,-61,388,364,17.032967032967036,1.0626224461126088
1699622702.1551106,3,9,-61,387,363,17.079889807162537,0.9563810345917811
1699622702.3536744,3,9,-61,389,363,17.079889807162537,0.9563810345917811
1699622702.5638032,3,9,-61,386,364,17.032967032967036,0.9563810345917811
1699622702.752099,3,7,-61,384,365,16.986301369863018,0.74387920879624
1699622702.9561932,3,8,-61,385,364,17.032967032967036,0.8501330454313055
1699622703.160916,3,10,-60,390,364,17.032967032967036,1.0626224461126088
1699622703.3498638,3,9,-61,387,363,17.079889807162537,0.9563810345917811
1699622703.5609567,3,10,-60,388,364,17.032967032967036,1.0626224461126088
1699622703.7590168,3,10,-60,388,364,17.032967032967036,1.0626224461126088
1699622703.9530299,3,10,-60,389,364,17.032967032967036,1.0626224461126088
1699622704.144183,3,9,-62,387,363,17.079889807162537,0.9563810345917811
1699622704.3454525,3,10,-61,388,363,17.079889807162537,1.0626224461126088
1699622704.5364752,3,10,-61,388,362,17.12707182320442,1.0626224461126088
1699622704.7515614,3,8,-61,384,364,17.032967032967036,0.8501330454313055
1699622704.9582603,3,7,-61,383,364,17.032967032967036,0.74387920879624
1699622705.166927,3,7,-61,385,364,17.032967032967036,0.74387920879624
1699622705.363337,3,8,-62,384,363,17.079889807162537,0.8501330454313055
1699622705.5681286,3,8,-61,384,364,17.032967032967036,0.8501330454313055
1699622705.7894845,3,7,-61,383,364,17.032967032967036,0.74387920879624
1699622706.0015936,3,7,-61,385,364,17.032967032967036,0.74387920879624
1699622706.2091868,3,7,-61,383,365,16.986301369863018,0.74387920879624
1699622706.413425,3,7,-61,384,364,17.032967032967036,0.74387920879624
1699622706.60988,3,7,-61,383,365,16.986301369863018,0.74387920879624
1699622706.8278046,3,7,-61,384,364,17.032967032967036,0.74387920879624
1699622707.0224085,3,7,-61,383,364,17.032967032967036,0.74387920879624
1699622707.228442,3,7,-61,383,364,17.032967032967036,0.74387920879624
1699622707.43586,3,8,-61,384,364,17.032967032967036,0.8501330454313055
1699622707.628632,3,8,-61,384,364,17.032967032967036,0.8501330454313055
1699622707.8231897,3,8,-61,385,364,17.032967032967036,0.8501330454313055
1699622708.032711,3,9,-61,388,364,17.032967032967036,0.9563810345917811
1699622708.2335138,3,8,-62,384,363,17.079889807162537,0.8501330454313055
1699622708.421851,3,7,-61,383,364,17.032967032967036,0.74387920879624
1699622708.6274786,3,7,-61,384,364,17.032967032967036,0.74387920879624
1699622708.833916,3,7,-61,383,364,17.032967032967036,0.74387920879624
1699622709.0391283,3,7,-61,383,365,16.986301369863018,0.74387920879624
1699622709.251023,3,7,-61,383,364,17.032967032967036,0.74387920879624
1699622709.45193,3,8,-61,384,365,16.986301369863018,0.8501330454313055
1699622709.6577291,3,7,-61,385,364,17.032967032967036,0.74387920879624
1699622709.8675964,3,8,-61,384,364,17.032967032967036,0.8501330454313055
1699622710.0734565,3,8,-61,384,365,16.986301369863018,0.8501330454313055
1699622710.2702947,3,7,-61,383,365,16.986301369863018,0.74387920879624
1699622710.473023,3,7,-61,383,364,17.032967032967036,0.74387920879624
1699622710.693384,3,7,-61,382,364,17.032967032967036,0.74387920879624
1699622710.900991,3,12,-61,394,365,16.986301369863018,1.2750826169617748
1699622711.126284,3,8,-61,385,365,16.986301369863018,0.8501330454313055
1699622711.3399222,3,8,-61,384,364,17.032967032967036,0.8501330454313055
1699622711.548767,3,7,-61,383,364,17.032967032967036,0.74387920879624
1699622711.764132,3,8,-61,385,364,17.032967032967036,0.8501330454313055
1699622711.9823983,3,7,-61,383,365,16.986301369863018,0.74387920879624
1699622712.1952255,3,8,-61,384,364,17.032967032967036,0.8501330454313055
1699622712.4094326,3,8,-61,385,364,17.032967032967036,0.8501330454313055
1699622712.6129663,3,8,-61,386,364,17.032967032967036,0.8501330454313055
1699622712.8149762,3,10,-62,388,363,17.079889807162537,1.0626224461126088
1699622713.0211015,3,8,-61,384,365,16.986301369863018,0.8501330454313055
1699622713.2331393,3,8,-61,384,364,17.032967032967036,0.8501330454313055
1699622713.4442656,3,7,-61,383,365,16.986301369863018,0.74387920879624
1699622713.6572073,3,8,-61,384,365,16.986301369863018,0.8501330454313055
1699622713.86359,3,8,-61,384,365,16.986301369863018,0.8501330454313055
1699622714.0903077,3,8,-61,385,365,16.986301369863018,0.8501330454313055
1699622714.3039486,3,8,-62,384,363,17.079889807162537,0.8501330454313055
1699622714.5129077,3,9,-62,388,363,17.079889807162537,0.9563810345917811
1699622714.7026849,3,8,-61,384,365,16.986301369863018,0.8501330454313055
1699622714.9074974,3,7,-61,383,364,17.032967032967036,0.74387920879624
1699622715.105944,3,8,-61,385,364,17.032967032967036,0.8501330454313055
1699622715.3137667,3,7,-61,385,365,16.986301369863018,0.74387920879624
1699622715.5010142,3,8,-61,385,364,17.032967032967036,0.8501330454313055
1699622715.6896021,3,8,-61,384,365,16.986301369863018,0.8501330454313055
1699622715.8871145,3,9,-61,386,365,16.986301369863018,0.9563810345917811
1699622716.0821362,3,9,-60,389,366,16.939890710382517,0.9563810345917811
1699622716.2863915,3,9,-61,386,364,17.032967032967036,0.9563810345917811
1699622716.4949324,3,8,-61,385,364,17.032967032967036,0.8501330454313055
1699622716.69406,3,7,-62,384,362,17.12707182320442,0.74387920879624
1699622716.8984544,3,7,-61,383,364,17.032967032967036,0.74387920879624
1699622717.105551,3,7,-61,383,363,17.079889807162537,0.74387920879624
1699622717.3130515,3,7,-60,383,366,16.939890710382517,0.74387920879624
1699622717.5084393,3,7,-60,383,365,16.986301369863018,0.74387920879624
1699622717.7068424,3,14,-58,374,359,17.270194986072426,1.4875077226255586
1699622717.907833,3,-6,-61,350,342,18.128654970760238,-0.6376202550928943
1699622718.0961266,3,34,-39,322,316,19.620253164556964,3.6085517773185476
1699622718.2901897,3,20,-32,303,294,21.088435374149665,2.124514387441452
1699622718.4869661,3,14,-29,284,278,22.3021582733813,1.4875077226255586
1699622718.690072,3,12,-27,276,267,23.220973782771537,1.2750826169617748
1699622718.8820426,3,8,-26,272,265,23.396226415094343,0.8501330454313055
1699622719.081584,3,8,-26,272,265,23.396226415094343,0.8501330454313055
1699622719.2815773,3,7,-27,271,263,23.574144486692017,0.74387920879624
1699622719.4764955,3,7,-27,271,263,23.574144486692017,0.74387920879624
1699622719.661465,3,7,-26,271,264,23.484848484848488,0.74387920879624
1699622719.861935,3,7,-27,271,264,23.484848484848488,0.74387920879624
1699622720.053219,3,7,-27,271,263,23.574144486692017,0.74387920879624
1699622720.2503543,3,7,-27,271,263,23.574144486692017,0.74387920879624
1699622720.4468179,3,7,-27,271,263,23.574144486692017,0.74387920879624
1699622720.647959,3,7,-27,271,264,23.484848484848488,0.74387920879624
1699622720.8489397,3,7,-26,271,264,23.484848484848488,0.74387920879624
1699622721.0504732,3,8,-25,271,264,23.484848484848488,0.8501330454313055
1699622721.2509325,3,11,-23,270,262,23.664122137404583,1.1688565501000576
1699622721.4438581,3,15,-22,261,255,24.31372549019608,1.593705304019792
1699622721.63883,3,16,-22,247,241,25.72614107883818,1.6998919335324794
1699622721.8490312,3,10,-17,235,231,26.839826839826845,1.0626224461126088
1699622722.0425487,3,-3,-16,228,223,27.802690582959645,-0.3188199986227441
1699622722.2408366,3,6,-13,223,218,28.44036697247707,0.6376202550928943
1699622722.438054,3,17,-14,220,215,28.837209302325586,1.806066883527694
1699622722.6333184,3,16,-10,218,214,28.971962616822434,1.6998919335324794
1699622722.8352182,3,16,-10,218,213,29.10798122065728,1.6998919335324794
1699622723.034606,3,16,-10,218,213,29.10798122065728,1.6998919335324794
1699622723.2331467,3,16,-10,218,212,29.24528301886793,1.6998919335324794
1699622723.4362528,3,16,-9,217,214,28.971962616822434,1.6998919335324794
1699622723.6312432,3,9,-10,217,213,29.10798122065728,0.9563810345917811
1699622723.8445003,3,6,-7,206,206,30.097087378640783,0.6376202550928943
1699622724.0334802,3,12,-4,201,198,31.31313131313132,1.2750826169617748
1699622724.2386682,3,-1,0,195,192,32.29166666666667,-0.1062743078657994
1699622724.441114,3,-3,1,190,189,32.80423280423281,-0.3188199986227441
1699622724.6402717,3,3,2,190,187,33.15508021390375,0.3188199986227441
1699622724.8494337,3,3,0,189,186,33.333333333333336,0.3188199986227441
1699622725.0499256,3,3,0,190,186,33.333333333333336,0.3188199986227441
1699622725.2648447,3,3,0,189,186,33.333333333333336,0.3188199986227441
1699622725.4747493,3,3,0,189,186,33.333333333333336,0.3188199986227441
1699622725.6741097,3,3,-1,189,187,33.15508021390375,0.3188199986227441
1699622725.877292,3,3,0,189,186,33.333333333333336,0.3188199986227441
1699622726.0782762,3,3,1,189,188,32.97872340425533,0.3188199986227441
1699622726.282346,3,3,2,189,187,33.15508021390375,0.3188199986227441
1699622726.483267,3,3,2,189,189,32.80423280423281,0.3188199986227441
1699622726.6946824,3,2,4,189,187,33.15508021390375,0.212547884480388
1699622726.9087942,3,-19,6,185,182,34.06593406593407,-2.018378836856321
1699622727.107831,3,2,8,174,175,35.42857142857143,0.212547884480388
1699622727.2994883,3,12,13,173,170,36.47058823529412,1.2750826169617748
1699622727.4997933,3,11,12,166,165,37.57575757575758,1.1688565501000576
1699622727.692055,3,16,10,166,164,37.804878048780495,1.6998919335324794
1699622727.9023428,3,16,10,166,166,37.34939759036145,1.6998919335324794
1699622728.1006792,3,16,9,166,165,37.57575757575758,1.6998919335324794
1699622728.3102415,3,16,10,166,165,37.57575757575758,1.6998919335324794
1699622728.507738,3,15,12,167,166,37.34939759036145,1.593705304019792
1699622728.7156932,3,15,13,167,164,37.804878048780495,1.593705304019792
1699622728.9127958,3,6,17,166,165,37.57575757575758,0.6376202550928943
1699622729.1079605,3,12,20,162,161,38.50931677018634,1.2750826169617748
1699622729.305329,3,17,25,157,156,39.74358974358975,1.806066883527694
1699622729.4987347,3,-3,22,151,152,40.789473684210535,-0.3188199986227441
1699622729.6950886,3,38,26,147,147,42.17687074829933,4.031760588950713
1699622729.899411,3,30,21,146,144,43.055555555555564,3.1849483278557194
1699622730.0993133,3,29,21,146,144,43.055555555555564,3.078991167182793
1699622730.31975,3,29,20,146,144,43.055555555555564,3.078991167182793
1699622730.5288868,3,29,20,146,145,42.75862068965518,3.078991167182793
1699622730.7271955,3,29,20,146,145,42.75862068965518,3.078991167182793
1699622730.9363987,3,28,21,146,144,43.055555555555564,2.9730129222649775
1699622731.1341686,3,23,20,146,144,43.055555555555564,2.4428306303611227
1699622731.34209,3,23,18,146,145,42.75862068965518,2.4428306303611227
1699622731.5565035,3,23,16,145,143,43.35664335664336,2.4428306303611227
1699622731.760153,3,23,17,145,144,43.055555555555564,2.4428306303611227
1699622731.9702191,3,23,17,145,145,42.75862068965518,2.4428306303611227
1699622732.1840966,3,23,18,145,144,43.055555555555564,2.4428306303611227
1699622732.385512,3,23,20,145,145,42.75862068965518,2.4428306303611227
1699622732.5959334,3,-6,19,144,143,43.35664335664336,-0.6376202550928943
1699622732.7985616,3,-8,23,142,143,43.35664335664336,-0.8501330454313055
1699622733.0031667,3,-18,23,138,137,45.25547445255475,-1.9122294268504203
1699622733.2008414,3,5,27,134,134,46.268656716417915,0.5313569149387267
1699622733.4101412,3,-18,26,133,131,47.328244274809165,-1.9122294268504203
1699622733.6281114,3,-13,27,130,130,47.6923076923077,-1.3812999174368017
1699622733.839493,3,-4,26,128,129,48.062015503875976,-0.425089919132221
1699622734.0402987,3,-2,25,128,128,48.43750000000001,-0.212547884480388
1699622734.2520835,3,-2,24,127,128,48.43750000000001,-0.212547884480388
1699622734.4611094,3,-2,24,127,128,48.43750000000001,-0.212547884480388
1699622734.6716313,3,-2,24,127,128,48.43750000000001,-0.212547884480388
1699622734.908002,3,-2,24,127,129,48.062015503875976,-0.212547884480388
1699622735.1203024,3,-2,25,127,128,48.43750000000001,-0.212547884480388
1699622735.3219323,3,-2,26,127,128,48.43750000000001,-0.212547884480388
1699622735.5314019,3,-6,28,127,128,48.43750000000001,-0.6376202550928943
1699622735.7358797,3,-7,28,124,124,50.00000000000001,-0.74387920879624
1699622735.9478333,3,-2,30,121,120,51.66666666666667,-0.212547884480388
1699622736.1572156,3,0,31,117,117,52.991452991453,0.0
1699622736.3587916,3,13,31,116,115,53.913043478260875,1.3812999174368017
1699622736.5675988,3,15,31,114,113,54.86725663716815,1.593705304019792
1699622736.7809908,3,15,30,114,113,54.86725663716815,1.593705304019792
1699622737.010966,3,15,29,114,113,54.86725663716815,1.593705304019792
1699622737.225485,3,15,29,114,115,53.913043478260875,1.593705304019792
1699622737.4425762,3,15,28,114,113,54.86725663716815,1.593705304019792
1699622737.6611102,3,15,29,114,115,53.913043478260875,1.593705304019792
1699622737.8783603,3,15,30,114,114,54.38596491228071,1.593705304019792
1699622738.099916,3,15,28,114,113,54.86725663716815,1.593705304019792
1699622738.320246,3,15,28,114,113,54.86725663716815,1.593705304019792
1699622738.5361743,3,15,28,114,115,53.913043478260875,1.593705304019792
1699622738.7550862,3,15,28,114,115,53.913043478260875,1.593705304019792
1699622738.9727564,3,15,28,114,114,54.38596491228071,1.593705304019792
1699622739.1936638,3,15,28,114,114,54.38596491228071,1.593705304019792
1699622739.4111686,3,15,28,114,114,54.38596491228071,1.593705304019792
1699622739.6311352,3,15,28,114,114,54.38596491228071,1.593705304019792
1699622739.8433902,3,15,28,114,114,54.38596491228071,1.593705304019792
1699622740.061489,3,15,29,114,114,54.38596491228071,1.593705304019792
1699622740.267544,3,15,28,114,113,54.86725663716815,1.593705304019792
1699622740.4782324,3,15,28,114,113,54.86725663716815,1.593705304019792
1699622740.6896524,3,15,28,114,113,54.86725663716815,1.593705304019792
1699622740.906413,3,15,28,114,114,54.38596491228071,1.593705304019792
1699622741.1186163,3,15,28,114,114,54.38596491228071,1.593705304019792
1699622741.324522,3,15,28,114,113,54.86725663716815,1.593705304019792
1699622741.5361674,3,15,28,114,114,54.38596491228071,1.593705304019792
1699622741.748774,3,15,28,114,115,53.913043478260875,1.593705304019792
1699622741.9602082,3,15,28,114,114,54.38596491228071,1.593705304019792
1699622742.171246,3,15,28,114,115,53.913043478260875,1.593705304019792
1699622742.3814077,3,15,28,114,114,54.38596491228071,1.593705304019792
1699622742.5933344,3,20,27,114,114,54.38596491228071,2.124514387441452
1699622742.8106396,3,21,26,114,114,54.38596491228071,2.2306353530719227
1699622743.014722,3,34,20,115,117,52.991452991453,3.6085517773185476
1699622743.2186813,3,40,37,123,123,50.40650406504066,4.243202757619135
1699622743.4104934,3,31,37,123,125,49.60000000000001,3.2908836860672923
1699622743.7296932,3,-19,49,151,151,41.05960264900663,-2.018378836856321
1699622743.9134667,3,-2,65,174,173,35.83815028901735,-0.212547884480388
1699622744.0968938,3,3,50,193,190,32.631578947368425,0.3188199986227441
1699622744.2835793,3,-2,24,209,206,30.097087378640783,-0.212547884480388
1699622744.4707494,3,-7,6,221,219,28.310502283105027,-0.74387920879624
1699622744.6552064,3,-14,3,227,222,27.927927927927932,-1.4875077226255586
1699622744.8428233,3,-36,-25,224,225,27.55555555555556,-3.8202083666617566
1699622745.0300725,3,-13,-12,226,222,27.927927927927932,-1.3812999174368017
1699622745.2213316,3,-14,-13,226,221,28.05429864253394,-1.4875077226255586
1699622745.4179873,3,-14,-13,225,221,28.05429864253394,-1.4875077226255586
1699622745.6219108,3,-14,-11,226,221,28.05429864253394,-1.4875077226255586
1699622745.8147664,3,-14,-12,225,221,28.05429864253394,-1.4875077226255586
1699622746.0116603,3,-14,-11,226,221,28.05429864253394,-1.4875077226255586
1699622746.2089338,3,-14,-11,224,221,28.05429864253394,-1.4875077226255586
1699622746.4067028,3,-19,-8,228,222,27.927927927927932,-2.018378836856321
1699622746.5972795,3,-13,0,222,221,28.05429864253394,-1.3812999174368017
1699622746.7875874,3,-6,24,216,212,29.24528301886793,-0.6376202550928943
1699622746.9766183,3,-27,22,211,211,29.383886255924175,-2.8670143121816682
1699622747.1640718,3,-4,41,200,202,30.6930693069307,-0.425089919132221
1699622747.3506837,3,-12,71,190,191,32.4607329842932,-1.2750826169617748
1699622747.535951,3,-29,80,171,170,36.47058823529412,-3.078991167182793
1699622747.718843,3,-31,67,145,144,43.055555555555564,-3.2908836860672923
1699622747.8955178,3,-24,42,128,128,48.43750000000001,-2.548903494068427
1699622748.0827034,3,-11,20,119,119,52.10084033613446,-1.1688565501000576
1699622748.2805421,3,11,35,113,113,54.86725663716815,1.1688565501000576
1699622748.479019,3,33,44,110,111,55.855855855855864,3.502686126728226
1699622748.6857877,3,40,37,106,106,58.49056603773586,4.243202757619135
1699622748.8766155,3,47,26,107,107,57.94392523364487,4.982302006398639
1699622749.08216,3,49,23,105,105,59.04761904761906,5.1931790634241475
1699622749.2744386,3,29,-5,103,102,60.78431372549021,3.078991167182793
1699622749.4791138,3,39,19,104,102,60.78431372549021,4.13749578470897
1699622749.6704855,3,51,24,106,106,58.49056603773586,5.403915134496321
1699622749.8639686,3,47,31,105,104,59.61538461538463,4.982302006398639
1699622750.0784783,3,46,30,105,105,59.04761904761906,4.87681235015335
1699622750.2856786,3,35,31,104,105,59.04761904761906,3.714392761786679
1699622750.4992502,3,35,31,104,105,59.04761904761906,3.714392761786679
1699622750.7122695,3,35,33,104,105,59.04761904761906,3.714392761786679
1699622750.926268,3,34,31,105,105,59.04761904761906,3.6085517773185476
1699622751.1395245,3,35,31,104,105,59.04761904761906,3.714392761786679
1699622751.3525393,3,35,31,104,105,59.04761904761906,3.714392761786679
1699622751.5661714,3,35,31,104,105,59.04761904761906,3.714392761786679
1699622751.7847362,3,35,31,104,105,59.04761904761906,3.714392761786679
1699622751.9972625,3,35,31,104,105,59.04761904761906,3.714392761786679
1699622752.207284,3,35,31,104,105,59.04761904761906,3.714392761786679
1699622752.4208615,3,35,31,104,105,59.04761904761906,3.714392761786679
1699622752.6350212,3,35,30,104,105,59.04761904761906,3.714392761786679
1699622752.8492844,3,35,30,104,105,59.04761904761906,3.714392761786679
1699622753.064651,3,21,29,105,105,59.04761904761906,2.2306353530719227
1699622753.2845771,3,14,28,104,104,59.61538461538463,1.4875077226255586
1699622753.488929,3,19,28,104,105,59.04761904761906,2.018378836856321
1699622753.6959703,3,18,31,105,106,58.49056603773586,1.9122294268504203
1699622753.9095645,3,18,30,105,105,59.04761904761906,1.9122294268504203
1699622754.1275575,3,18,31,104,104,59.61538461538463,1.9122294268504203
1699622754.3410807,3,17,31,104,104,59.61538461538463,1.806066883527694
1699622754.5502203,3,16,31,105,105,59.04761904761906,1.6998919335324794
1699622754.7626681,3,16,30,104,104,59.61538461538463,1.6998919335324794
1699622754.9772713,3,16,30,104,104,59.61538461538463,1.6998919335324794
1699622755.1922417,3,15,31,105,104,59.61538461538463,1.593705304019792
1699622755.4061432,3,16,30,104,104,59.61538461538463,1.6998919335324794
1699622755.6321204,3,16,30,104,104,59.61538461538463,1.6998919335324794
1699622755.8675895,3,15,30,103,104,59.61538461538463,1.593705304019792
1699622756.0946624,3,15,30,105,104,59.61538461538463,1.593705304019792
1699622756.3439014,3,16,30,104,104,59.61538461538463,1.6998919335324794
1699622756.5604482,3,16,30,104,104,59.61538461538463,1.6998919335324794
1699622756.7871912,3,16,30,104,104,59.61538461538463,1.6998919335324794
1699622757.00377,3,16,30,104,104,59.61538461538463,1.6998919335324794
1699622757.21955,3,16,30,104,104,59.61538461538463,1.6998919335324794
1699622757.4369595,3,16,30,104,105,59.04761904761906,1.6998919335324794
1699622757.6554296,3,16,30,104,104,59.61538461538463,1.6998919335324794
1699622757.863619,3,16,30,104,104,59.61538461538463,1.6998919335324794
1699622758.0765982,3,16,30,104,104,59.61538461538463,1.6998919335324794
1699622758.2820206,3,16,30,104,104,59.61538461538463,1.6998919335324794
1699622758.4967496,3,16,30,104,105,59.04761904761906,1.6998919335324794
1699622758.713362,3,16,30,104,104,59.61538461538463,1.6998919335324794
1699622758.922951,3,16,30,104,104,59.61538461538463,1.6998919335324794
1699622759.1365933,3,16,30,104,104,59.61538461538463,1.6998919335324794
1699622759.3510032,3,16,30,104,104,59.61538461538463,1.6998919335324794
1699622759.565378,3,16,30,104,104,59.61538461538463,1.6998919335324794
1699622759.7835164,3,16,30,104,104,59.61538461538463,1.6998919335324794
1699622759.9976592,3,16,30,104,104,59.61538461538463,1.6998919335324794
1699622760.2118745,3,16,30,104,104,59.61538461538463,1.6998919335324794
1699622760.4222324,3,16,30,104,104,59.61538461538463,1.6998919335324794
1699622760.6368206,3,16,30,104,104,59.61538461538463,1.6998919335324794
1699622760.8525085,3,16,30,104,104,59.61538461538463,1.6998919335324794
1699622761.067504,3,16,30,104,104,59.61538461538463,1.6998919335324794
1699622761.2826014,3,16,30,104,104,59.61538461538463,1.6998919335324794
1699622761.5019488,3,16,30,104,104,59.61538461538463,1.6998919335324794
1699622761.7285414,3,16,30,104,104,59.61538461538463,1.6998919335324794
1699622761.9508176,3,16,30,104,104,59.61538461538463,1.6998919335324794
1699622762.1696532,3,16,30,104,104,59.61538461538463,1.6998919335324794
1699622762.3903425,3,16,30,104,104,59.61538461538463,1.6998919335324794
1699622762.603726,3,16,30,104,104,59.61538461538463,1.6998919335324794
1699622762.822831,3,16,30,104,104,59.61538461538463,1.6998919335324794
1699622763.042132,3,16,30,104,104,59.61538461538463,1.6998919335324794
1699622763.2641594,3,16,30,104,104,59.61538461538463,1.6998919335324794
1699622763.497975,3,16,30,104,104,59.61538461538463,1.6998919335324794
1699622763.724667,3,15,30,105,104,59.61538461538463,1.593705304019792
1699622763.9419143,3,16,30,104,104,59.61538461538463,1.6998919335324794
1699622764.1578898,3,16,30,104,104,59.61538461538463,1.6998919335324794
1699622764.4059289,3,16,30,104,104,59.61538461538463,1.6998919335324794
1699622764.639557,3,16,30,104,104,59.61538461538463,1.6998919335324794
1699622764.8586593,3,16,30,104,105,59.04761904761906,1.6998919335324794
1699622765.0923643,3,16,30,104,105,59.04761904761906,1.6998919335324794
1699622765.3208985,3,16,30,104,104,59.61538461538463,1.6998919335324794
1699622765.5347967,3,16,30,104,104,59.61538461538463,1.6998919335324794
1699622765.7492726,3,16,30,104,105,59.04761904761906,1.6998919335324794
1699622765.969848,3,16,30,104,104,59.61538461538463,1.6998919335324794
1699622766.1852572,3,16,30,104,104,59.61538461538463,1.6998919335324794
1699622766.4035487,3,16,30,104,104,59.61538461538463,1.6998919335324794
1699622766.619786,3,16,30,104,105,59.04761904761906,1.6998919335324794
1699622766.8360696,3,16,30,104,104,59.61538461538463,1.6998919335324794
1699622767.0459146,3,16,30,104,104,59.61538461538463,1.6998919335324794
1699622767.2597513,3,16,30,104,104,59.61538461538463,1.6998919335324794
1699622767.4906855,3,16,30,104,104,59.61538461538463,1.6998919335324794
1699622767.7125597,3,16,30,104,104,59.61538461538463,1.6998919335324794
1699622767.9207983,3,16,30,104,104,59.61538461538463,1.6998919335324794
1699622768.1354496,3,16,30,104,104,59.61538461538463,1.6998919335324794
1699622768.3505301,3,16,30,104,104,59.61538461538463,1.6998919335324794
1699622768.5648124,3,16,30,104,104,59.61538461538463,1.6998919335324794
1699622768.782577,3,16,30,104,104,59.61538461538463,1.6998919335324794
1699622768.9970555,3,16,30,104,104,59.61538461538463,1.6998919335324794
1699622769.2063417,3,16,30,104,104,59.61538461538463,1.6998919335324794
1699622769.4240391,3,16,30,104,104,59.61538461538463,1.6998919335324794
1699622769.6420593,3,16,30,104,104,59.61538461538463,1.6998919335324794
1699622769.8603659,3,16,30,104,104,59.61538461538463,1.6998919335324794
1699622770.0787408,3,17,29,104,105,59.04761904761906,1.806066883527694
1699622770.2961614,3,17,30,104,104,59.61538461538463,1.806066883527694
1699622770.5082633,3,17,30,104,105,59.04761904761906,1.806066883527694
1699622770.7207255,3,15,37,105,105,59.04761904761906,1.593705304019792
1699622770.934281,3,11,40,105,105,59.04761904761906,1.1688565501000576
1699622771.1366231,3,15,46,107,108,57.40740740740742,1.593705304019792
1699622771.3465042,3,32,54,102,103,60.194174757281566,3.3967965244928373
1699622771.5475776,3,19,42,95,95,65.26315789473685,2.018378836856321
1699622771.7546234,3,14,52,90,91,68.13186813186815,1.4875077226255586
1699622771.9547234,3,10,49,92,93,66.66666666666667,1.0626224461126088
1699622772.1638076,3,9,46,93,93,66.66666666666667,0.9563810345917811
1699622772.37307,3,9,40,92,93,66.66666666666667,0.9563810345917811
1699622772.5820427,3,9,40,92,92,67.3913043478261,0.9563810345917811
1699622772.794825,3,10,35,92,92,67.3913043478261,1.0626224461126088
1699622773.0095603,3,10,35,92,92,67.3913043478261,1.0626224461126088
1699622773.2271855,3,10,34,92,91,68.13186813186815,1.0626224461126088
1699622773.4422164,3,9,36,92,93,66.66666666666667,0.9563810345917811
1699622773.656175,3,17,35,92,93,66.66666666666667,1.806066883527694
1699622773.8708746,3,15,28,92,92,67.3913043478261,1.593705304019792
1699622774.2898004,3,23,48,85,85,72.94117647058825,2.4428306303611227
1699622774.5114932,3,18,53,82,83,74.6987951807229,1.9122294268504203
1699622774.9303303,3,18,40,79,80,77.50000000000001,1.9122294268504203
1699622775.1513438,3,18,39,79,79,78.48101265822785,1.9122294268504203
1699622775.3622458,3,19,38,80,81,76.54320987654322,2.018378836856321
1699622775.5786688,3,19,38,80,80,77.50000000000001,2.018378836856321
1699622775.8037443,3,19,39,80,80,77.50000000000001,2.018378836856321
1699622776.027954,3,19,39,80,80,77.50000000000001,2.018378836856321
1699622776.2509785,3,19,39,80,79,78.48101265822785,2.018378836856321
1699622776.478527,3,19,40,80,80,77.50000000000001,2.018378836856321
1699622776.7134213,3,19,39,80,80,77.50000000000001,2.018378836856321
1699622776.9359503,3,17,46,80,80,77.50000000000001,1.806066883527694
1699622777.151579,3,2,49,79,79,78.48101265822785,0.212547884480388
1699622777.3703537,3,9,57,76,76,81.57894736842107,0.9563810345917811
1699622777.5642288,3,-4,48,74,73,84.93150684931508,-0.425089919132221
1699622777.7761033,3,17,81,72,75,82.66666666666669,1.806066883527694
1699622778.1860964,3,14,42,71,72,86.11111111111113,1.4875077226255586
1699622778.4039068,3,14,40,71,71,87.32394366197184,1.4875077226255586
1699622778.6282141,3,14,40,71,72,86.11111111111113,1.4875077226255586
1699622779.0763564,3,15,43,72,72,86.11111111111113,1.593705304019792
1699622779.2987711,3,16,42,71,71,87.32394366197184,1.6998919335324794
1699622779.5188317,3,16,42,71,72,86.11111111111113,1.6998919335324794
1699622779.744929,3,16,41,71,71,87.32394366197184,1.6998919335324794
1699622779.9635258,3,16,41,71,71,87.32394366197184,1.6998919335324794
1699622780.1851563,3,16,41,71,72,86.11111111111113,1.6998919335324794
1699622780.4025016,3,16,40,71,71,87.32394366197184,1.6998919335324794
1699622780.6254566,3,16,42,71,72,86.11111111111113,1.6998919335324794
1699622780.84366,3,13,50,71,72,86.11111111111113,1.3812999174368017
1699622781.0435042,3,10,52,72,72,86.11111111111113,1.0626224461126088
1699622781.2521248,3,-11,60,71,73,84.93150684931508,-1.1688565501000576
1699622781.4630375,3,5,78,69,70,88.57142857142858,0.5313569149387267
1699622781.652156,3,-17,61,67,68,91.1764705882353,-1.806066883527694
1699622782.282026,3,21,57,63,63,98.41269841269843,2.2306353530719227
1699622782.7224705,3,23,49,63,63,98.41269841269843,2.4428306303611227
1699622782.9446442,3,20,43,63,64,96.87500000000001,2.124514387441452
1699622783.1678808,3,20,45,63,63,98.41269841269843,2.124514387441452
1699622783.6195412,3,13,44,63,63,98.41269841269843,1.3812999174368017
1699622783.8769362,3,14,44,63,63,98.41269841269843,1.4875077226255586
1699622784.3259985,3,42,64,59,59,105.08474576271188,4.454529204005441
1699622784.8691866,3,34,52,57,57,108.77192982456143,3.6085517773185476
1699622785.2677586,3,34,47,56,59,105.08474576271188,3.6085517773185476
1699622785.4978733,3,33,46,57,57,108.77192982456143,3.502686126728226
1699622785.7280786,3,34,46,57,57,108.77192982456143,3.6085517773185476
1699622785.9638717,3,34,45,57,57,108.77192982456143,3.6085517773185476
1699622786.4276733,3,34,45,57,57,108.77192982456143,3.6085517773185476
1699622786.6546726,3,34,46,57,58,106.89655172413795,3.6085517773185476
1699622786.8956075,3,34,46,57,57,108.77192982456143,3.6085517773185476
1699622787.1242661,3,34,46,57,57,108.77192982456143,3.6085517773185476
1699622787.3548086,3,34,46,57,57,108.77192982456143,3.6085517773185476
1699622787.5897732,3,34,46,57,57,108.77192982456143,3.6085517773185476
1699622787.8388965,3,34,46,57,57,108.77192982456143,3.6085517773185476
1699622788.0696762,3,34,46,57,57,108.77192982456143,3.6085517773185476
1699622788.3080046,3,34,46,57,57,108.77192982456143,3.6085517773185476
1699622788.5321329,3,34,46,57,57,108.77192982456143,3.6085517773185476
1699622788.769798,3,34,46,57,57,108.77192982456143,3.6085517773185476
1699622789.0046751,3,34,46,57,57,108.77192982456143,3.6085517773185476
1699622789.2444975,3,34,46,57,57,108.77192982456143,3.6085517773185476
1699622789.4794095,3,34,46,57,57,108.77192982456143,3.6085517773185476
1699622789.7206361,3,34,46,57,57,108.77192982456143,3.6085517773185476
1699622789.938568,3,34,46,57,57,108.77192982456143,3.6085517773185476
1699622790.160807,3,24,42,57,57,108.77192982456143,2.548903494068427
1699622790.8767536,3,31,48,52,52,119.23076923076925,3.2908836860672923
1699622791.0935502,3,17,49,52,53,116.98113207547172,1.806066883527694
1699622791.3182187,3,16,48,52,52,119.23076923076925,1.6998919335324794
1699622791.5378325,3,16,48,53,52,119.23076923076925,1.6998919335324794
1699622791.757922,3,16,47,53,53,116.98113207547172,1.6998919335324794
1699622791.9773371,3,16,47,53,53,116.98113207547172,1.6998919335324794
1699622792.1989539,3,16,47,53,53,116.98113207547172,1.6998919335324794
1699622792.4195373,3,16,47,53,53,116.98113207547172,1.6998919335324794
1699622792.6463556,3,16,47,53,53,116.98113207547172,1.6998919335324794
1699622792.869634,3,16,47,53,53,116.98113207547172,1.6998919335324794
1699622793.3175738,3,16,47,53,53,116.98113207547172,1.6998919335324794
1699622793.7728798,3,16,47,53,53,116.98113207547172,1.6998919335324794
1699622793.9947987,3,16,47,53,53,116.98113207547172,1.6998919335324794
1699622794.2226405,3,16,47,53,53,116.98113207547172,1.6998919335324794
1699622794.459112,3,16,47,53,53,116.98113207547172,1.6998919335324794
1699622794.6820161,3,16,47,53,53,116.98113207547172,1.6998919335324794
1699622794.9079013,3,16,47,53,53,116.98113207547172,1.6998919335324794
1699622795.1343338,3,16,47,53,53,116.98113207547172,1.6998919335324794
1699622795.366108,3,16,48,53,54,114.81481481481484,1.6998919335324794
1699622795.5879397,3,16,47,53,53,116.98113207547172,1.6998919335324794
1699622795.816417,3,16,47,53,53,116.98113207547172,1.6998919335324794
1699622796.0426266,3,16,47,53,53,116.98113207547172,1.6998919335324794
1699622796.274659,3,16,47,53,53,116.98113207547172,1.6998919335324794
1699622796.4959607,3,16,47,53,53,116.98113207547172,1.6998919335324794
1699622796.7214704,3,16,47,53,53,116.98113207547172,1.6998919335324794
1699622796.9470193,3,16,47,53,53,116.98113207547172,1.6998919335324794
1699622797.1725526,3,16,47,53,53,116.98113207547172,1.6998919335324794
1699622797.4065654,3,16,47,53,53,116.98113207547172,1.6998919335324794
1699622797.632097,3,16,47,53,53,116.98113207547172,1.6998919335324794
1699622797.8586693,3,16,47,53,53,116.98113207547172,1.6998919335324794
1699622798.0842624,3,16,47,53,53,116.98113207547172,1.6998919335324794
1699622798.3105452,3,16,47,53,53,116.98113207547172,1.6998919335324794
1699622798.535297,3,16,47,53,53,116.98113207547172,1.6998919335324794
1699622798.7630725,3,16,47,53,53,116.98113207547172,1.6998919335324794
1699622798.9929593,3,16,47,53,53,116.98113207547172,1.6998919335324794
1699622799.2146046,3,16,47,53,53,116.98113207547172,1.6998919335324794
1699622799.4400914,3,16,47,53,53,116.98113207547172,1.6998919335324794
1699622799.6663892,3,16,47,53,53,116.98113207547172,1.6998919335324794
1699622799.8991194,3,16,47,53,53,116.98113207547172,1.6998919335324794
1699622800.151618,3,16,47,53,53,116.98113207547172,1.6998919335324794
1699622800.3846054,3,16,47,53,53,116.98113207547172,1.6998919335324794
1699622800.61947,3,16,47,53,53,116.98113207547172,1.6998919335324794
1699622801.0738418,3,16,47,53,53,116.98113207547172,1.6998919335324794
1699622801.3056912,3,16,47,53,53,116.98113207547172,1.6998919335324794
1699622801.7593896,3,16,47,53,53,116.98113207547172,1.6998919335324794
1699622801.9885006,3,16,47,53,53,116.98113207547172,1.6998919335324794
1699622802.2120388,3,16,47,53,53,116.98113207547172,1.6998919335324794
1699622802.6568825,3,16,47,53,53,116.98113207547172,1.6998919335324794
1699622802.8821898,3,16,47,53,53,116.98113207547172,1.6998919335324794
1699622803.1079512,3,16,47,53,53,116.98113207547172,1.6998919335324794
1699622803.338357,3,16,47,53,53,116.98113207547172,1.6998919335324794
1699622803.5641015,3,16,47,53,53,116.98113207547172,1.6998919335324794
1699622803.7904496,3,16,47,53,53,116.98113207547172,1.6998919335324794
1699622804.0215054,3,16,47,53,53,116.98113207547172,1.6998919335324794
1699622804.2451634,3,16,47,53,53,116.98113207547172,1.6998919335324794
1699622804.6978922,3,16,47,53,53,116.98113207547172,1.6998919335324794
1699622804.9318593,3,16,47,53,53,116.98113207547172,1.6998919335324794
1699622805.153694,3,16,47,53,53,116.98113207547172,1.6998919335324794
1699622805.3791156,3,16,47,53,53,116.98113207547172,1.6998919335324794
1699622805.6038766,3,16,47,53,53,116.98113207547172,1.6998919335324794
1699622805.8366008,3,16,47,53,53,116.98113207547172,1.6998919335324794
1699622806.0591662,3,16,47,52,53,116.98113207547172,1.6998919335324794
1699622806.2893224,3,16,47,53,53,116.98113207547172,1.6998919335324794
1699622806.5192842,3,16,47,53,53,116.98113207547172,1.6998919335324794
1699622806.7439318,3,16,47,53,53,116.98113207547172,1.6998919335324794
1699622806.9661705,3,16,47,53,53,116.98113207547172,1.6998919335324794
1699622807.1924508,3,16,47,53,53,116.98113207547172,1.6998919335324794
1699622807.4177928,3,16,47,53,53,116.98113207547172,1.6998919335324794
1699622808.1054683,3,16,47,53,53,116.98113207547172,1.6998919335324794
1699622808.5509844,3,16,47,52,53,116.98113207547172,1.6998919335324794
1699622808.7764332,3,16,47,53,53,116.98113207547172,1.6998919335324794
1699622809.00778,3,16,47,53,53,116.98113207547172,1.6998919335324794
1699622809.467759,3,16,47,53,53,116.98113207547172,1.6998919335324794
1699622809.7129292,3,16,47,53,53,116.98113207547172,1.6998919335324794
1699622809.938187,3,16,47,53,53,116.98113207547172,1.6998919335324794
1699622810.163315,3,16,47,53,53,116.98113207547172,1.6998919335324794
1699622810.3881075,3,16,47,53,53,116.98113207547172,1.6998919335324794
1699622810.6199212,3,16,47,53,53,116.98113207547172,1.6998919335324794
1699622810.8750486,3,16,47,53,53,116.98113207547172,1.6998919335324794
1699622811.108315,3,16,47,53,53,116.98113207547172,1.6998919335324794
1699622811.3540041,3,16,47,53,53,116.98113207547172,1.6998919335324794
1699622811.5869765,3,16,47,53,53,116.98113207547172,1.6998919335324794
1699622811.8117862,3,16,47,53,53,116.98113207547172,1.6998919335324794
1699622812.040055,3,16,47,53,53,116.98113207547172,1.6998919335324794
1699622812.2746968,3,16,47,53,53,116.98113207547172,1.6998919335324794
1699622812.4982235,3,16,47,53,53,116.98113207547172,1.6998919335324794
1699622812.7447948,3,16,47,53,53,116.98113207547172,1.6998919335324794
1699622812.9760754,3,16,47,53,53,116.98113207547172,1.6998919335324794
1699622813.2117348,3,16,47,53,53,116.98113207547172,1.6998919335324794
1699622813.4349585,3,16,47,53,53,116.98113207547172,1.6998919335324794
1699622813.6606054,3,16,47,53,53,116.98113207547172,1.6998919335324794
1699622814.124839,3,16,47,53,53,116.98113207547172,1.6998919335324794
1699622814.8143225,3,16,47,53,53,116.98113207547172,1.6998919335324794
1699622815.9413998,3,16,47,53,53,116.98113207547172,1.6998919335324794
1699622816.4100447,3,16,47,53,53,116.98113207547172,1.6998919335324794
1699622816.6401982,3,16,47,53,53,116.98113207547172,1.6998919335324794
1699622816.8694706,3,16,47,53,53,116.98113207547172,1.6998919335324794
1699622817.09645,3,16,47,53,53,116.98113207547172,1.6998919335324794
1699622817.553834,3,16,47,53,53,116.98113207547172,1.6998919335324794
1699622817.7898664,3,16,47,53,53,116.98113207547172,1.6998919335324794
1699622818.2692447,3,16,47,53,53,116.98113207547172,1.6998919335324794
1699622818.5027554,3,16,47,53,53,116.98113207547172,1.6998919335324794
1699622818.7373827,3,16,47,53,53,116.98113207547172,1.6998919335324794
1699622818.965501,3,16,47,53,53,116.98113207547172,1.6998919335324794
1699622819.1967735,3,16,47,53,53,116.98113207547172,1.6998919335324794
1699622819.4292102,3,16,47,53,53,116.98113207547172,1.6998919335324794
1699622819.6517892,3,16,47,53,53,116.98113207547172,1.6998919335324794
1699622819.8825996,3,16,47,53,53,116.98113207547172,1.6998919335324794
1699622820.1168914,3,16,47,53,53,116.98113207547172,1.6998919335324794
1699622820.3395505,3,16,47,53,53,116.98113207547172,1.6998919335324794
1699622820.567729,3,16,47,53,53,116.98113207547172,1.6998919335324794
1699622821.0324495,3,16,47,53,53,116.98113207547172,1.6998919335324794
1699622821.4982543,3,16,47,53,53,116.98113207547172,1.6998919335324794
1699622821.734847,3,16,47,53,53,116.98113207547172,1.6998919335324794
1699622821.9666777,3,16,47,53,53,116.98113207547172,1.6998919335324794
1699622822.198252,3,16,47,53,53,116.98113207547172,1.6998919335324794
1699622822.4347754,3,16,47,53,53,116.98113207547172,1.6998919335324794
1699622822.6649752,3,16,47,53,53,116.98113207547172,1.6998919335324794
1699622822.9007647,3,16,47,53,53,116.98113207547172,1.6998919335324794
1699622823.1385407,3,16,47,53,53,116.98113207547172,1.6998919335324794
1699622823.383182,3,16,47,53,53,116.98113207547172,1.6998919335324794
1699622823.619818,3,16,47,53,53,116.98113207547172,1.6998919335324794
1699622823.8468733,3,16,47,53,53,116.98113207547172,1.6998919335324794
1699622824.3133922,3,16,47,53,53,116.98113207547172,1.6998919335324794
1699622824.5510838,3,16,47,53,53,116.98113207547172,1.6998919335324794
1699622824.7849522,3,16,47,53,53,116.98113207547172,1.6998919335324794
1699622825.0227842,3,16,47,53,53,116.98113207547172,1.6998919335324794
1699622825.250555,3,16,47,53,53,116.98113207547172,1.6998919335324794
1699622825.4865189,3,16,47,53,53,116.98113207547172,1.6998919335324794
1699622825.7300026,3,16,47,53,53,116.98113207547172,1.6998919335324794
1699622825.9721375,3,16,47,53,53,116.98113207547172,1.6998919335324794
1699622826.2263248,3,16,47,53,53,116.98113207547172,1.6998919335324794
1699622826.4787116,3,16,47,53,53,116.98113207547172,1.6998919335324794
1699622826.7184918,3,16,47,53,53,116.98113207547172,1.6998919335324794
1699622826.9566298,3,16,47,53,53,116.98113207547172,1.6998919335324794
1699622827.1850595,3,16,47,53,53,116.98113207547172,1.6998919335324794
1699622827.6516068,3,16,47,53,53,116.98113207547172,1.6998919335324794
