1699622300.4683926,3,-9,-23,259,254,24.40944881889764,-0.9563810345917811
1699622300.7336986,3,-9,-23,259,255,24.31372549019608,-0.9563810345917811
1699622300.8983426,3,-9,-24,259,253,24.505928853754945,-0.9563810345917811
1699622301.0659204,3,-9,-23,259,254,24.40944881889764,-0.9563810345917811
1699622301.2320616,3,-9,-24,259,253,24.505928853754945,-0.9563810345917811
1699622301.3937058,3,-9,-23,259,254,24.40944881889764,-0.9563810345917811
1699622301.5627816,3,-9,-23,259,254,24.40944881889764,-0.9563810345917811
1699622301.732237,3,-9,-23,259,254,24.40944881889764,-0.9563810345917811
1699622301.8932245,3,-9,-23,259,255,24.31372549019608,-0.9563810345917811
1699622302.0589404,3,-9,-23,259,254,24.40944881889764,-0.9563810345917811
1699622302.2245939,3,-9,-23,259,254,24.40944881889764,-0.9563810345917811
1699622302.3900907,3,-9,-24,259,253,24.505928853754945,-0.9563810345917811
1699622302.551311,3,-9,-24,259,253,24.505928853754945,-0.9563810345917811
1699622302.7167745,3,-9,-23,259,255,24.31372549019608,-0.9563810345917811
1699622302.8867977,3,-9,-23,259,255,24.31372549019608,-0.9563810345917811
1699622303.0493464,3,-9,-22,259,256,24.218750000000004,-0.9563810345917811
1699622303.2145026,3,-9,-23,259,254,24.40944881889764,-0.9563810345917811
1699622303.3802764,3,-9,-24,259,253,24.505928853754945,-0.9563810345917811
1699622303.5462508,3,-9,-23,259,255,24.31372549019608,-0.9563810345917811
1699622303.707144,3,-9,-23,259,255,24.31372549019608,-0.9563810345917811
1699622303.8723545,3,-9,-23,259,255,24.31372549019608,-0.9563810345917811
1699622304.0430536,3,-9,-24,259,253,24.505928853754945,-0.9563810345917811
1699622304.2035985,3,-9,-22,259,256,24.218750000000004,-0.9563810345917811
1699622304.3645678,3,-9,-23,259,255,24.31372549019608,-0.9563810345917811
1699622304.5301123,3,-9,-23,259,254,24.40944881889764,-0.9563810345917811
1699622304.7004914,3,-9,-23,259,254,24.40944881889764,-0.9563810345917811
1699622304.8612585,3,-9,-22,259,256,24.218750000000004,-0.9563810345917811
1699622305.0268965,3,-9,-24,259,253,24.505928853754945,-0.9563810345917811
1699622305.1926405,3,-9,-24,259,253,24.505928853754945,-0.9563810345917811
1699622305.358505,3,-9,-24,259,253,24.505928853754945,-0.9563810345917811
1699622305.5193174,3,-9,-23,259,255,24.31372549019608,-0.9563810345917811
1699622305.6850111,3,-9,-22,259,256,24.218750000000004,-0.9563810345917811
1699622305.8561146,3,-9,-23,259,255,24.31372549019608,-0.9563810345917811
1699622306.0172725,3,-9,-24,259,253,24.505928853754945,-0.9563810345917811
1699622306.1828444,3,-9,-23,259,254,24.40944881889764,-0.9563810345917811
1699622306.3487701,3,-9,-24,259,253,24.505928853754945,-0.9563810345917811
1699622306.5145214,3,-9,-24,259,253,24.505928853754945,-0.9563810345917811
1699622306.675622,3,-9,-23,259,254,24.40944881889764,-0.9563810345917811
1699622306.840765,3,-9,-23,259,254,24.40944881889764,-0.9563810345917811
1699622307.0117214,3,-9,-23,259,254,24.40944881889764,-0.9563810345917811
1699622307.172211,3,-9,-24,259,253,24.505928853754945,-0.9563810345917811
1699622307.3332684,3,-9,-24,259,253,24.505928853754945,-0.9563810345917811
1699622307.4987235,3,-9,-24,259,253,24.505928853754945,-0.9563810345917811
1699622307.669039,3,-9,-24,259,253,24.505928853754945,-0.9563810345917811
1699622307.830455,3,-9,-22,259,256,24.218750000000004,-0.9563810345917811
1699622307.9914463,3,-9,-22,259,256,24.218750000000004,-0.9563810345917811
1699622308.1569986,3,-9,-24,259,253,24.505928853754945,-0.9563810345917811
1699622308.3259346,3,-9,-23,259,254,24.40944881889764,-0.9563810345917811
1699622308.4872358,3,-9,-22,259,256,24.218750000000004,-0.9563810345917811
1699622308.6528606,3,-9,-24,259,253,24.505928853754945,-0.9563810345917811
1699622308.8237686,3,-9,-22,259,256,24.218750000000004,-0.9563810345917811
1699622308.9849157,3,-9,-24,259,253,24.505928853754945,-0.9563810345917811
1699622309.146208,3,-9,-24,259,253,24.505928853754945,-0.9563810345917811
1699622309.3118672,3,-9,-24,259,253,24.505928853754945,-0.9563810345917811
1699622309.4816186,3,-9,-24,259,253,24.505928853754945,-0.9563810345917811
1699622309.643044,3,-9,-22,259,256,24.218750000000004,-0.9563810345917811
1699622309.8086147,3,-9,-24,259,253,24.505928853754945,-0.9563810345917811
1699622309.9783797,3,-9,-24,259,253,24.505928853754945,-0.9563810345917811
1699622310.139686,3,-9,-23,259,254,24.40944881889764,-0.9563810345917811
1699622310.3006094,3,-9,-24,259,253,24.505928853754945,-0.9563810345917811
1699622310.4664257,3,-9,-23,259,254,24.40944881889764,-0.9563810345917811
1699622310.637891,3,-9,-24,259,253,24.505928853754945,-0.9563810345917811
1699622310.7993693,3,-9,-24,259,253,24.505928853754945,-0.9563810345917811
1699622310.964849,3,-9,-24,259,253,24.505928853754945,-0.9563810345917811
1699622311.134798,3,-9,-24,259,253,24.505928853754945,-0.9563810345917811
1699622311.2963042,3,-9,-22,259,256,24.218750000000004,-0.9563810345917811
1699622311.4572735,3,-9,-23,259,254,24.40944881889764,-0.9563810345917811
1699622311.6224375,3,-9,-23,259,254,24.40944881889764,-0.9563810345917811
1699622311.7936056,3,-9,-24,259,253,24.505928853754945,-0.9563810345917811
1699622311.954741,3,-9,-23,259,254,24.40944881889764,-0.9563810345917811
1699622312.1204166,3,-9,-24,259,253,24.505928853754945,-0.9563810345917811
1699622312.290534,3,-9,-24,259,253,24.505928853754945,-0.9563810345917811
1699622312.451608,3,-9,-24,259,253,24.505928853754945,-0.9563810345917811
1699622312.6125453,3,-9,-24,259,253,24.505928853754945,-0.9563810345917811
1699622312.7780962,3,-9,-24,259,253,24.505928853754945,-0.9563810345917811
1699622312.9476497,3,-9,-23,259,254,24.40944881889764,-0.9563810345917811
1699622313.1091354,3,-9,-24,259,253,24.505928853754945,-0.9563810345917811
1699622313.2700253,3,-9,-24,259,253,24.505928853754945,-0.9563810345917811
1699622313.4352245,3,-9,-24,259,253,24.505928853754945,-0.9563810345917811
1699622313.6063638,3,-9,-24,259,253,24.505928853754945,-0.9563810345917811
1699622313.7678196,3,-9,-23,259,255,24.31372549019608,-0.9563810345917811
1699622313.933189,3,-9,-24,259,253,24.505928853754945,-0.9563810345917811
1699622314.0990038,3,-9,-24,259,253,24.505928853754945,-0.9563810345917811
1699622314.2639923,3,-9,-24,259,253,24.505928853754945,-0.9563810345917811
1699622314.4248612,3,-9,-24,259,253,24.505928853754945,-0.9563810345917811
1699622314.5901814,3,-9,-24,259,253,24.505928853754945,-0.9563810345917811
1699622314.7608109,3,-9,-24,259,253,24.505928853754945,-0.9563810345917811
1699622314.9213035,3,-9,-24,259,253,24.505928853754945,-0.9563810345917811
1699622315.082005,3,-9,-23,259,254,24.40944881889764,-0.9563810345917811
1699622315.2472389,3,-9,-22,259,256,24.218750000000004,-0.9563810345917811
1699622315.4180982,3,-9,-24,259,253,24.505928853754945,-0.9563810345917811
1699622315.5784895,3,-9,-24,259,253,24.505928853754945,-0.9563810345917811
1699622315.7392151,3,-9,-23,259,254,24.40944881889764,-0.9563810345917811
1699622315.9041471,3,-9,-24,259,253,24.505928853754945,-0.9563810345917811
1699622316.074807,3,-9,-24,259,253,24.505928853754945,-0.9563810345917811
1699622316.234702,3,-9,-24,259,253,24.505928853754945,-0.9563810345917811
1699622316.3940792,3,-9,-24,259,253,24.505928853754945,-0.9563810345917811
1699622316.5597475,3,-9,-24,259,253,24.505928853754945,-0.9563810345917811
1699622316.7303646,3,-9,-24,259,253,24.505928853754945,-0.9563810345917811
1699622316.8907418,3,-9,-24,259,253,24.505928853754945,-0.9563810345917811
1699622317.0747688,3,-9,-24,259,253,24.505928853754945,-0.9563810345917811
1699622317.234506,3,-9,-24,259,253,24.505928853754945,-0.9563810345917811
1699622317.393543,3,-9,-24,259,253,24.505928853754945,-0.9563810345917811
1699622317.5574071,3,-9,-24,259,253,24.505928853754945,-0.9563810345917811
1699622317.7215416,3,-9,-24,259,253,24.505928853754945,-0.9563810345917811
1699622317.8870082,3,-9,-24,259,253,24.505928853754945,-0.9563810345917811
1699622318.0619628,3,-9,-24,259,253,24.505928853754945,-0.9563810345917811
1699622318.238098,3,-9,-24,259,253,24.505928853754945,-0.9563810345917811
1699622318.4622383,3,-9,-24,259,253,24.505928853754945,-0.9563810345917811
1699622318.628189,3,-9,-24,259,253,24.505928853754945,-0.9563810345917811
1699622318.7943323,3,-9,-24,259,253,24.505928853754945,-0.9563810345917811
1699622318.9558423,3,-9,-24,259,253,24.505928853754945,-0.9563810345917811
1699622319.1214108,3,-9,-24,259,253,24.505928853754945,-0.9563810345917811
1699622319.2938147,3,-9,-24,259,253,24.505928853754945,-0.9563810345917811
1699622319.455376,3,-9,-24,259,253,24.505928853754945,-0.9563810345917811
1699622319.6210995,3,-9,-24,259,253,24.505928853754945,-0.9563810345917811
1699622319.7920089,3,-9,-24,259,253,24.505928853754945,-0.9563810345917811
1699622319.953163,3,-9,-24,259,253,24.505928853754945,-0.9563810345917811
1699622320.1148288,3,-9,-24,259,253,24.505928853754945,-0.9563810345917811
1699622320.2706099,3,-9,-24,259,253,24.505928853754945,-0.9563810345917811
1699622320.4309783,3,-9,-24,259,253,24.505928853754945,-0.9563810345917811
1699622320.5957792,3,-9,-24,259,253,24.505928853754945,-0.9563810345917811
1699622320.7623327,3,-9,-24,259,253,24.505928853754945,-0.9563810345917811
1699622320.9228323,3,-9,-23,259,254,24.40944881889764,-0.9563810345917811
1699622321.0875697,3,-9,-23,259,254,24.40944881889764,-0.9563810345917811
1699622321.2528968,3,-9,-24,259,253,24.505928853754945,-0.9563810345917811
1699622321.419427,3,-9,-24,259,253,24.505928853754945,-0.9563810345917811
1699622321.5805006,3,-9,-23,259,255,24.31372549019608,-0.9563810345917811
1699622321.7449987,3,-9,-24,259,253,24.505928853754945,-0.9563810345917811
1699622321.9111326,3,-9,-24,259,253,24.505928853754945,-0.9563810345917811
1699622322.0768423,3,-9,-24,259,253,24.505928853754945,-0.9563810345917811
1699622322.2431257,3,-9,-24,259,253,24.505928853754945,-0.9563810345917811
1699622322.4114633,3,-9,-24,259,253,24.505928853754945,-0.9563810345917811
1699622322.5778189,3,-9,-24,259,253,24.505928853754945,-0.9563810345917811
1699622322.7384038,3,-9,-24,259,253,24.505928853754945,-0.9563810345917811
1699622322.9036171,3,-9,-24,259,253,24.505928853754945,-0.9563810345917811
1699622323.0736423,3,-9,-24,259,253,24.505928853754945,-0.9563810345917811
1699622323.2338514,3,-9,-24,259,253,24.505928853754945,-0.9563810345917811
1699622323.3941517,3,-9,-24,259,253,24.505928853754945,-0.9563810345917811
1699622323.5630825,3,-9,-23,259,254,24.40944881889764,-0.9563810345917811
1699622323.7300093,3,-9,-24,259,253,24.505928853754945,-0.9563810345917811
1699622323.895733,3,-9,-22,259,256,24.218750000000004,-0.9563810345917811
1699622324.0614543,3,-9,-24,259,253,24.505928853754945,-0.9563810345917811
1699622324.2307198,3,-9,-24,259,253,24.505928853754945,-0.9563810345917811
1699622324.391852,3,-9,-23,259,254,24.40944881889764,-0.9563810345917811
1699622324.552231,3,-9,-24,259,253,24.505928853754945,-0.9563810345917811
1699622324.7169755,3,-9,-24,259,253,24.505928853754945,-0.9563810345917811
1699622324.8861253,3,-9,-24,259,253,24.505928853754945,-0.9563810345917811
1699622325.0467496,3,-9,-24,259,253,24.505928853754945,-0.9563810345917811
1699622325.2122364,3,-9,-24,259,253,24.505928853754945,-0.9563810345917811
1699622325.3774912,3,-9,-24,259,253,24.505928853754945,-0.9563810345917811
1699622325.5434344,3,-9,-24,259,253,24.505928853754945,-0.9563810345917811
1699622325.7043152,3,-9,-24,259,253,24.505928853754945,-0.9563810345917811
1699622325.8694477,3,-9,-24,259,253,24.505928853754945,-0.9563810345917811
1699622326.0349603,3,-9,-24,259,253,24.505928853754945,-0.9563810345917811
1699622326.20089,3,-9,-24,259,253,24.505928853754945,-0.9563810345917811
1699622326.3616207,3,-9,-24,259,253,24.505928853754945,-0.9563810345917811
1699622326.5264244,3,-9,-24,259,253,24.505928853754945,-0.9563810345917811
1699622326.6917837,3,-9,-24,259,253,24.505928853754945,-0.9563810345917811
1699622326.857245,3,-9,-24,259,253,24.505928853754945,-0.9563810345917811
1699622327.0183403,3,-9,-24,259,253,24.505928853754945,-0.9563810345917811
1699622327.1832657,3,-9,-24,259,253,24.505928853754945,-0.9563810345917811
1699622327.3490312,3,-9,-23,259,254,24.40944881889764,-0.9563810345917811
1699622327.5147064,3,-9,-24,259,253,24.505928853754945,-0.9563810345917811
1699622327.6742604,3,-9,-23,259,254,24.40944881889764,-0.9563810345917811
1699622327.8384504,3,-9,-24,259,253,24.505928853754945,-0.9563810345917811
1699622328.0025759,3,-9,-24,259,253,24.505928853754945,-0.9563810345917811
1699622328.1692407,3,-9,-24,259,253,24.505928853754945,-0.9563810345917811
1699622328.3284917,3,-9,-24,259,253,24.505928853754945,-0.9563810345917811
1699622328.4944701,3,-9,-24,259,253,24.505928853754945,-0.9563810345917811
1699622328.667052,3,-9,-23,259,255,24.31372549019608,-0.9563810345917811
1699622328.8320365,3,-9,-24,259,253,24.505928853754945,-0.9563810345917811
1699622328.9984782,3,-9,-24,259,253,24.505928853754945,-0.9563810345917811
1699622329.1693122,3,-9,-24,259,253,24.505928853754945,-0.9563810345917811
1699622329.3294983,3,-9,-23,259,254,24.40944881889764,-0.9563810345917811
1699622329.494139,3,-9,-24,259,253,24.505928853754945,-0.9563810345917811
1699622329.6593332,3,-9,-24,259,253,24.505928853754945,-0.9563810345917811
1699622329.8245325,3,-9,-24,259,253,24.505928853754945,-0.9563810345917811
1699622329.9903367,3,-9,-24,259,253,24.505928853754945,-0.9563810345917811
1699622330.1555877,3,-9,-24,259,253,24.505928853754945,-0.9563810345917811
1699622330.3232033,3,-9,-24,259,253,24.505928853754945,-0.9563810345917811
1699622330.483298,3,-9,-24,259,253,24.505928853754945,-0.9563810345917811
1699622330.643623,3,-9,-24,259,253,24.505928853754945,-0.9563810345917811
1699622330.8085089,3,-9,-23,259,254,24.40944881889764,-0.9563810345917811
1699622330.977984,3,-9,-24,259,253,24.505928853754945,-0.9563810345917811
1699622331.1382582,3,-9,-24,259,253,24.505928853754945,-0.9563810345917811
1699622331.2988617,3,-9,-24,259,253,24.505928853754945,-0.9563810345917811
1699622331.4636886,3,-9,-24,259,253,24.505928853754945,-0.9563810345917811
1699622331.633143,3,-9,-24,259,253,24.505928853754945,-0.9563810345917811
1699622331.7932403,3,-9,-23,259,254,24.40944881889764,-0.9563810345917811
1699622331.966373,3,-9,-24,259,253,24.505928853754945,-0.9563810345917811
1699622332.1367462,3,-9,-24,259,253,24.505928853754945,-0.9563810345917811
1699622332.295461,3,-9,-24,259,253,24.505928853754945,-0.9563810345917811
1699622332.45443,3,-9,-24,259,253,24.505928853754945,-0.9563810345917811
1699622332.6175637,3,-9,-24,259,253,24.505928853754945,-0.9563810345917811
1699622332.7810917,3,-9,-24,259,253,24.505928853754945,-0.9563810345917811
1699622332.9481552,3,-9,-23,259,254,24.40944881889764,-0.9563810345917811
1699622333.1069133,3,-9,-23,259,254,24.40944881889764,-0.9563810345917811
1699622333.2662363,3,-9,-24,259,253,24.505928853754945,-0.9563810345917811
1699622333.4384134,3,-9,-23,259,254,24.40944881889764,-0.9563810345917811
1699622333.6056933,3,-9,-24,259,253,24.505928853754945,-0.9563810345917811
1699622333.7686667,3,-9,-23,259,254,24.40944881889764,-0.9563810345917811
1699622333.936848,3,-9,-23,259,254,24.40944881889764,-0.9563810345917811
1699622334.106701,3,-9,-24,259,253,24.505928853754945,-0.9563810345917811
1699622334.2699142,3,-9,-24,259,253,24.505928853754945,-0.9563810345917811
1699622334.4386258,3,-9,-23,259,254,24.40944881889764,-0.9563810345917811
1699622334.6049209,3,-9,-24,259,253,24.505928853754945,-0.9563810345917811
1699622334.7653973,3,-9,-24,259,253,24.505928853754945,-0.9563810345917811
1699622334.9256675,3,-9,-23,259,254,24.40944881889764,-0.9563810345917811
1699622335.0906022,3,-9,-24,259,253,24.505928853754945,-0.9563810345917811
1699622335.260564,3,-9,-24,259,253,24.505928853754945,-0.9563810345917811
1699622335.4208348,3,-9,-24,259,253,24.505928853754945,-0.9563810345917811
1699622335.5811322,3,-9,-23,259,254,24.40944881889764,-0.9563810345917811
1699622335.7462144,3,-9,-24,259,253,24.505928853754945,-0.9563810345917811
1699622335.9161801,3,-9,-24,259,253,24.505928853754945,-0.9563810345917811
1699622336.0760686,3,-9,-23,259,254,24.40944881889764,-0.9563810345917811
1699622336.2360733,3,-9,-24,259,253,24.505928853754945,-0.9563810345917811
1699622336.400913,3,-9,-24,259,253,24.505928853754945,-0.9563810345917811
1699622336.570231,3,-9,-24,259,253,24.505928853754945,-0.9563810345917811
1699622336.7306435,3,-9,-23,259,254,24.40944881889764,-0.9563810345917811
1699622336.8911235,3,-9,-24,259,253,24.505928853754945,-0.9563810345917811
1699622337.0511382,3,-9,-23,259,254,24.40944881889764,-0.9563810345917811
1699622337.2153478,3,-9,-23,259,254,24.40944881889764,-0.9563810345917811
1699622337.3850937,3,-9,-24,259,253,24.505928853754945,-0.9563810345917811
1699622337.5449212,3,-9,-24,259,253,24.505928853754945,-0.9563810345917811
1699622337.7051053,3,-9,-24,259,253,24.505928853754945,-0.9563810345917811
1699622337.8698323,3,-9,-23,259,254,24.40944881889764,-0.9563810345917811
1699622338.0344162,3,-9,-24,259,253,24.505928853754945,-0.9563810345917811
1699622338.2001107,3,-9,-24,259,253,24.505928853754945,-0.9563810345917811
1699622338.3601124,3,-9,-24,259,253,24.505928853754945,-0.9563810345917811
1699622338.52448,3,-9,-24,259,253,24.505928853754945,-0.9563810345917811
1699622338.6892724,3,-9,-23,259,254,24.40944881889764,-0.9563810345917811
1699622338.8547723,3,-9,-24,259,253,24.505928853754945,-0.9563810345917811
1699622339.0238643,3,-9,-24,259,253,24.505928853754945,-0.9563810345917811
1699622339.200341,3,-9,-24,259,253,24.505928853754945,-0.9563810345917811
1699622339.3599236,3,-9,-23,259,254,24.40944881889764,-0.9563810345917811
1699622339.514059,3,-9,-24,259,253,24.505928853754945,-0.9563810345917811
1699622339.6738873,3,-9,-24,259,253,24.505928853754945,-0.9563810345917811
1699622339.8325453,3,-9,-24,259,253,24.505928853754945,-0.9563810345917811
1699622339.9912379,3,-9,-24,259,253,24.505928853754945,-0.9563810345917811
1699622340.1592815,3,-9,-24,259,253,24.505928853754945,-0.9563810345917811
1699622340.327958,3,-9,-23,259,254,24.40944881889764,-0.9563810345917811
1699622340.4956427,3,-9,-24,259,253,24.505928853754945,-0.9563810345917811
1699622340.6600168,3,-9,-24,259,253,24.505928853754945,-0.9563810345917811
1699622340.8144162,3,-9,-24,259,253,24.505928853754945,-0.9563810345917811
1699622340.9770918,3,-9,-24,259,253,24.505928853754945,-0.9563810345917811
1699622341.136687,3,-9,-24,259,253,24.505928853754945,-0.9563810345917811
1699622341.3016534,3,-9,-24,259,253,24.505928853754945,-0.9563810345917811
1699622341.4596143,3,-9,-23,259,254,24.40944881889764,-0.9563810345917811
1699622341.62264,3,-9,-24,259,253,24.505928853754945,-0.9563810345917811
1699622341.7909384,3,-9,-23,259,254,24.40944881889764,-0.9563810345917811
1699622341.949656,3,-9,-23,259,254,24.40944881889764,-0.9563810345917811
1699622342.1095107,3,-9,-23,259,254,24.40944881889764,-0.9563810345917811
1699622342.2724845,3,-9,-24,259,253,24.505928853754945,-0.9563810345917811
1699622342.4364302,3,-9,-24,259,253,24.505928853754945,-0.9563810345917811
1699622342.604655,3,-9,-24,259,253,24.505928853754945,-0.9563810345917811
1699622342.7659576,3,-9,-23,259,254,24.40944881889764,-0.9563810345917811
1699622342.931435,3,-9,-24,259,253,24.505928853754945,-0.9563810345917811
1699622343.1015663,3,-9,-24,259,253,24.505928853754945,-0.9563810345917811
1699622343.2624743,3,-9,-23,259,254,24.40944881889764,-0.9563810345917811
1699622343.4235015,3,-9,-24,259,253,24.505928853754945,-0.9563810345917811
1699622343.5889666,3,-9,-23,259,254,24.40944881889764,-0.9563810345917811
1699622343.7593884,3,-9,-24,259,253,24.505928853754945,-0.9563810345917811
1699622343.9200473,3,-9,-24,259,253,24.505928853754945,-0.9563810345917811
1699622344.081021,3,-9,-23,259,254,24.40944881889764,-0.9563810345917811
1699622344.2462718,3,-9,-24,259,253,24.505928853754945,-0.9563810345917811
1699622344.416961,3,-9,-23,259,254,24.40944881889764,-0.9563810345917811
1699622344.57788,3,-9,-23,259,254,24.40944881889764,-0.9563810345917811
1699622344.7388654,3,-9,-24,259,253,24.505928853754945,-0.9563810345917811
1699622344.9044714,3,-9,-23,259,254,24.40944881889764,-0.9563810345917811
1699622345.0727293,3,-9,-24,259,253,24.505928853754945,-0.9563810345917811
1699622345.2334025,3,-9,-24,259,253,24.505928853754945,-0.9563810345917811
1699622345.3942547,3,-9,-24,259,253,24.505928853754945,-0.9563810345917811
1699622345.55922,3,-9,-23,259,254,24.40944881889764,-0.9563810345917811
1699622345.7286677,3,-9,-24,259,253,24.505928853754945,-0.9563810345917811
1699622345.8891025,3,-9,-24,259,253,24.505928853754945,-0.9563810345917811
1699622346.0502477,3,-9,-23,259,254,24.40944881889764,-0.9563810345917811
1699622346.2153358,3,-9,-23,259,254,24.40944881889764,-0.9563810345917811
1699622346.3851137,3,-9,-23,259,254,24.40944881889764,-0.9563810345917811
1699622346.5462108,3,-9,-23,259,254,24.40944881889764,-0.9563810345917811
1699622346.7115986,3,-9,-23,259,254,24.40944881889764,-0.9563810345917811
1699622346.88214,3,-9,-24,259,253,24.505928853754945,-0.9563810345917811
1699622347.0436206,3,-9,-23,259,254,24.40944881889764,-0.9563810345917811
1699622347.2044976,3,-9,-23,259,254,24.40944881889764,-0.9563810345917811
1699622347.369415,3,-9,-24,259,253,24.505928853754945,-0.9563810345917811
1699622347.5391994,3,-9,-24,259,255,24.31372549019608,-0.9563810345917811
1699622347.6998556,3,-9,-23,259,254,24.40944881889764,-0.9563810345917811
1699622347.8613584,3,-9,-24,259,254,24.40944881889764,-0.9563810345917811
1699622348.026644,3,-9,-24,259,253,24.505928853754945,-0.9563810345917811
1699622348.1972394,3,-9,-24,259,253,24.505928853754945,-0.9563810345917811
1699622348.3577764,3,-9,-24,259,255,24.31372549019608,-0.9563810345917811
1699622348.5184488,3,-9,-23,259,254,24.40944881889764,-0.9563810345917811
1699622348.683537,3,-9,-24,259,253,24.505928853754945,-0.9563810345917811
1699622348.8541853,3,-9,-23,259,256,24.218750000000004,-0.9563810345917811
1699622349.0156121,3,-9,-23,259,254,24.40944881889764,-0.9563810345917811
1699622349.180775,3,-9,-23,259,254,24.40944881889764,-0.9563810345917811
1699622349.3461502,3,-9,-23,259,254,24.40944881889764,-0.9563810345917811
1699622349.511908,3,-9,-24,259,253,24.505928853754945,-0.9563810345917811
1699622349.6728296,3,-9,-23,259,254,24.40944881889764,-0.9563810345917811
1699622349.8377604,3,-9,-24,259,254,24.40944881889764,-0.9563810345917811
1699622350.012824,3,-9,-24,259,253,24.505928853754945,-0.9563810345917811
1699622350.1740289,3,-9,-24,259,254,24.40944881889764,-0.9563810345917811
1699622350.3387573,3,-9,-24,259,253,24.505928853754945,-0.9563810345917811
1699622350.5073793,3,-9,-24,259,254,24.40944881889764,-0.9563810345917811
1699622350.6689053,3,-9,-24,259,255,24.31372549019608,-0.9563810345917811
1699622350.8296866,3,-9,-23,259,255,24.31372549019608,-0.9563810345917811
1699622350.9949374,3,-9,-23,259,255,24.31372549019608,-0.9563810345917811
1699622351.1658657,3,-9,-24,259,253,24.505928853754945,-0.9563810345917811
1699622351.3262057,3,-9,-23,259,254,24.40944881889764,-0.9563810345917811
1699622351.4870076,3,-9,-24,259,254,24.40944881889764,-0.9563810345917811
1699622351.6516309,3,-9,-24,259,253,24.505928853754945,-0.9563810345917811
1699622351.8217447,3,-9,-24,259,255,24.31372549019608,-0.9563810345917811
1699622351.9816396,3,-9,-24,259,253,24.505928853754945,-0.9563810345917811
1699622352.1418602,3,-9,-24,259,254,24.40944881889764,-0.9563810345917811
1699622352.3026357,3,-9,-23,259,255,24.31372549019608,-0.9563810345917811
1699622352.468011,3,-9,-24,259,253,24.505928853754945,-0.9563810345917811
1699622352.6341658,3,-9,-24,259,255,24.31372549019608,-0.9563810345917811
1699622352.794303,3,-9,-24,259,253,24.505928853754945,-0.9563810345917811
1699622352.9548202,3,-9,-23,259,254,24.40944881889764,-0.9563810345917811
1699622353.1196008,3,-9,-24,259,254,24.40944881889764,-0.9563810345917811
1699622353.2850614,3,-9,-24,259,253,24.505928853754945,-0.9563810345917811
1699622353.445611,3,-9,-24,259,254,24.40944881889764,-0.9563810345917811
1699622353.610694,3,-9,-23,259,255,24.31372549019608,-0.9563810345917811
1699622353.7710896,3,-9,-24,259,253,24.505928853754945,-0.9563810345917811
1699622353.9368222,3,-9,-24,259,253,24.505928853754945,-0.9563810345917811
1699622354.1037042,3,-9,-24,259,253,24.505928853754945,-0.9563810345917811
1699622354.2640417,3,-9,-24,259,253,24.505928853754945,-0.9563810345917811
1699622354.4291604,3,-9,-23,259,254,24.40944881889764,-0.9563810345917811
1699622354.5944166,3,-9,-24,259,254,24.40944881889764,-0.9563810345917811
1699622354.7606091,3,-9,-24,259,254,24.40944881889764,-0.9563810345917811
1699622354.9205828,3,-9,-24,259,255,24.31372549019608,-0.9563810345917811
1699622355.085325,3,-9,-24,259,255,24.31372549019608,-0.9563810345917811
1699622355.2507122,3,-9,-24,259,254,24.40944881889764,-0.9563810345917811
1699622355.4165807,3,-9,-23,259,254,24.40944881889764,-0.9563810345917811
1699622355.5775046,3,-9,-24,259,253,24.505928853754945,-0.9563810345917811
1699622355.742524,3,-9,-23,259,256,24.218750000000004,-0.9563810345917811
1699622355.9079092,3,-9,-24,259,253,24.505928853754945,-0.9563810345917811
1699622356.0730405,3,-9,-23,259,254,24.40944881889764,-0.9563810345917811
1699622356.2445798,3,-9,-24,259,253,24.505928853754945,-0.9563810345917811
1699622356.4151325,3,-9,-24,259,253,24.505928853754945,-0.9563810345917811
1699622356.5892124,3,-9,-24,259,254,24.40944881889764,-0.9563810345917811
1699622356.7591486,3,-9,-24,259,254,24.40944881889764,-0.9563810345917811
1699622356.9195504,3,-9,-23,259,255,24.31372549019608,-0.9563810345917811
1699622357.080492,3,-9,-24,259,254,24.40944881889764,-0.9563810345917811
1699622357.2456472,3,-9,-24,259,255,24.31372549019608,-0.9563810345917811
1699622357.4152622,3,-9,-24,259,253,24.505928853754945,-0.9563810345917811
1699622357.5752056,3,-9,-23,259,254,24.40944881889764,-0.9563810345917811
1699622357.7448196,3,-9,-24,259,255,24.31372549019608,-0.9563810345917811
1699622357.9131875,3,-9,-23,259,254,24.40944881889764,-0.9563810345917811
1699622358.0735319,3,-9,-24,259,255,24.31372549019608,-0.9563810345917811
1699622358.2335985,3,-9,-24,259,253,24.505928853754945,-0.9563810345917811
1699622358.3982317,3,-9,-23,259,255,24.31372549019608,-0.9563810345917811
1699622358.5634599,3,-9,-24,259,255,24.31372549019608,-0.9563810345917811
1699622358.7397985,3,-9,-24,259,253,24.505928853754945,-0.9563810345917811
1699622358.9053454,3,-9,-23,259,255,24.31372549019608,-0.9563810345917811
1699622359.0711339,3,-9,-24,259,255,24.31372549019608,-0.9563810345917811
1699622359.2315345,3,-9,-23,259,254,24.40944881889764,-0.9563810345917811
1699622359.390005,3,-9,-23,259,254,24.40944881889764,-0.9563810345917811
1699622359.5483289,3,-9,-24,259,255,24.31372549019608,-0.9563810345917811
1699622359.711457,3,-9,-23,259,255,24.31372549019608,-0.9563810345917811
1699622359.8745568,3,-9,-24,259,254,24.40944881889764,-0.9563810345917811
1699622360.0429468,3,-9,-23,259,256,24.218750000000004,-0.9563810345917811
1699622360.2047837,3,-9,-24,259,253,24.505928853754945,-0.9563810345917811
1699622360.3698173,3,-9,-24,259,254,24.40944881889764,-0.9563810345917811
1699622360.5602164,3,-9,-24,259,254,24.40944881889764,-0.9563810345917811
1699622360.743116,3,-9,-24,259,254,24.40944881889764,-0.9563810345917811
1699622360.9067142,3,-9,-24,259,255,24.31372549019608,-0.9563810345917811
1699622361.071254,3,-9,-24,259,253,24.505928853754945,-0.9563810345917811
1699622361.2295458,3,-9,-24,259,253,24.505928853754945,-0.9563810345917811
1699622361.388165,3,-9,-24,259,255,24.31372549019608,-0.9563810345917811
1699622361.5510976,3,-9,-23,259,254,24.40944881889764,-0.9563810345917811
1699622361.7142453,3,-9,-23,259,254,24.40944881889764,-0.9563810345917811
1699622361.8840373,3,-9,-24,259,255,24.31372549019608,-0.9563810345917811
1699622362.043249,3,-9,-24,259,253,24.505928853754945,-0.9563810345917811
1699622362.203102,3,-9,-24,259,254,24.40944881889764,-0.9563810345917811
1699622362.3676608,3,-9,-24,259,255,24.31372549019608,-0.9563810345917811
1699622362.5325255,3,-9,-24,259,254,24.40944881889764,-0.9563810345917811
1699622362.697946,3,-9,-24,259,255,24.31372549019608,-0.9563810345917811
1699622362.8584163,3,-9,-24,259,255,24.31372549019608,-0.9563810345917811
1699622363.018209,3,-9,-23,259,254,24.40944881889764,-0.9563810345917811
1699622363.1823308,3,-9,-23,259,254,24.40944881889764,-0.9563810345917811
1699622363.3524086,3,-9,-24,259,255,24.31372549019608,-0.9563810345917811
1699622363.5195677,3,-9,-24,259,254,24.40944881889764,-0.9563810345917811
1699622363.6822953,3,-9,-24,259,254,24.40944881889764,-0.9563810345917811
1699622363.8497388,3,-9,-23,259,254,24.40944881889764,-0.9563810345917811
1699622364.0089939,3,-9,-24,259,255,24.31372549019608,-0.9563810345917811
1699622364.1675825,3,-9,-24,259,253,24.505928853754945,-0.9563810345917811
1699622364.326543,3,-9,-23,259,254,24.40944881889764,-0.9563810345917811
1699622364.4898975,3,-9,-23,259,255,24.31372549019608,-0.9563810345917811
1699622364.6534383,3,-9,-23,259,254,24.40944881889764,-0.9563810345917811
1699622364.8164582,3,-9,-24,259,255,24.31372549019608,-0.9563810345917811
1699622364.9743435,3,-9,-24,259,255,24.31372549019608,-0.9563810345917811
1699622365.1326642,3,-9,-24,259,253,24.505928853754945,-0.9563810345917811
1699622365.2948775,3,-9,-23,259,255,24.31372549019608,-0.9563810345917811
1699622365.4528384,3,-9,-24,259,254,24.40944881889764,-0.9563810345917811
1699622365.615591,3,-9,-24,259,254,24.40944881889764,-0.9563810345917811
1699622365.7788305,3,-9,-24,259,255,24.31372549019608,-0.9563810345917811
1699622365.9465027,3,-9,-24,259,254,24.40944881889764,-0.9563810345917811
1699622366.1049786,3,-9,-24,259,253,24.505928853754945,-0.9563810345917811
1699622366.2639275,3,-9,-23,259,256,24.218750000000004,-0.9563810345917811
1699622366.4223697,3,-9,-24,259,255,24.31372549019608,-0.9563810345917811
1699622366.603061,3,-9,-23,259,255,24.31372549019608,-0.9563810345917811
1699622366.764112,3,-9,-24,259,253,24.505928853754945,-0.9563810345917811
1699622366.927254,3,-9,-23,259,254,24.40944881889764,-0.9563810345917811
1699622367.1049907,3,-9,-24,259,255,24.31372549019608,-0.9563810345917811
1699622367.2635376,3,-9,-24,259,254,24.40944881889764,-0.9563810345917811
1699622367.4339762,3,-9,-24,259,254,24.40944881889764,-0.9563810345917811
1699622367.6028445,3,-9,-24,259,255,24.31372549019608,-0.9563810345917811
1699622367.7611954,3,-9,-24,259,255,24.31372549019608,-0.9563810345917811
1699622367.9328415,3,-9,-24,259,254,24.40944881889764,-0.9563810345917811
1699622368.102054,3,-9,-24,259,253,24.505928853754945,-0.9563810345917811
1699622368.2602372,3,-9,-23,259,254,24.40944881889764,-0.9563810345917811
1699622368.4185276,3,-9,-24,259,253,24.505928853754945,-0.9563810345917811
1699622368.580481,3,-9,-23,259,255,24.31372549019608,-0.9563810345917811
1699622368.74768,3,-9,-24,259,253,24.505928853754945,-0.9563810345917811
1699622368.915066,3,-9,-24,259,254,24.40944881889764,-0.9563810345917811
1699622369.0775065,3,-9,-24,259,255,24.31372549019608,-0.9563810345917811
1699622369.2421885,3,-9,-24,259,255,24.31372549019608,-0.9563810345917811
1699622369.4068532,3,-9,-24,259,255,24.31372549019608,-0.9563810345917811
1699622369.5857344,3,-9,-23,259,254,24.40944881889764,-0.9563810345917811
1699622369.7503192,3,-9,-24,259,255,24.31372549019608,-0.9563810345917811
1699622369.915964,3,-9,-24,259,254,24.40944881889764,-0.9563810345917811
1699622370.0759642,3,-9,-23,259,255,24.31372549019608,-0.9563810345917811
1699622370.238893,3,-9,-23,259,256,24.218750000000004,-0.9563810345917811
1699622370.4035373,3,-9,-23,259,255,24.31372549019608,-0.9563810345917811
1699622370.571307,3,-9,-24,259,253,24.505928853754945,-0.9563810345917811
1699622370.7307208,3,-9,-23,259,254,24.40944881889764,-0.9563810345917811
1699622370.890973,3,-9,-24,259,254,24.40944881889764,-0.9563810345917811
1699622371.070575,3,-9,-24,259,253,24.505928853754945,-0.9563810345917811
1699622371.2303839,3,-9,-23,259,256,24.218750000000004,-0.9563810345917811
1699622371.3905063,3,-9,-24,259,255,24.31372549019608,-0.9563810345917811
1699622371.554568,3,-9,-24,259,255,24.31372549019608,-0.9563810345917811
1699622371.7192965,3,-9,-23,259,255,24.31372549019608,-0.9563810345917811
1699622371.8842568,3,-9,-24,259,254,24.40944881889764,-0.9563810345917811
1699622372.0590055,3,-9,-24,259,255,24.31372549019608,-0.9563810345917811
1699622372.2276254,3,-9,-24,259,255,24.31372549019608,-0.9563810345917811
1699622372.3874664,3,-9,-24,259,255,24.31372549019608,-0.9563810345917811
1699622372.547551,3,-9,-23,259,256,24.218750000000004,-0.9563810345917811
1699622372.7118936,3,-9,-24,259,254,24.40944881889764,-0.9563810345917811
1699622372.8805223,3,-9,-24,259,255,24.31372549019608,-0.9563810345917811
1699622373.0413544,3,-9,-23,259,254,24.40944881889764,-0.9563810345917811
1699622373.2014973,3,-9,-24,259,254,24.40944881889764,-0.9563810345917811
1699622373.365813,3,-9,-24,259,254,24.40944881889764,-0.9563810345917811
1699622373.5303667,3,-9,-23,259,254,24.40944881889764,-0.9563810345917811
1699622373.6950898,3,-9,-23,259,255,24.31372549019608,-0.9563810345917811
1699622373.8546283,3,-9,-23,259,254,24.40944881889764,-0.9563810345917811
1699622374.0143197,3,-9,-23,259,254,24.40944881889764,-0.9563810345917811
1699622374.1790254,3,-9,-24,259,253,24.505928853754945,-0.9563810345917811
1699622374.3441615,3,-9,-24,259,255,24.31372549019608,-0.9563810345917811
1699622374.5177753,3,-9,-24,259,253,24.505928853754945,-0.9563810345917811
1699622374.7014947,3,-9,-23,259,254,24.40944881889764,-0.9563810345917811
1699622374.8669395,3,-9,-24,259,254,24.40944881889764,-0.9563810345917811
1699622375.0451732,3,-9,-24,259,254,24.40944881889764,-0.9563810345917811
1699622375.2052164,3,-9,-24,259,254,24.40944881889764,-0.9563810345917811
1699622375.3826244,3,-9,-24,259,254,24.40944881889764,-0.9563810345917811
1699622375.556412,3,-9,-24,259,254,24.40944881889764,-0.9563810345917811
1699622375.7278643,3,-9,-23,259,254,24.40944881889764,-0.9563810345917811
1699622375.892049,3,-9,-24,259,254,24.40944881889764,-0.9563810345917811
1699622376.0703397,3,-9,-23,259,254,24.40944881889764,-0.9563810345917811
1699622376.2307458,3,-9,-24,259,253,24.505928853754945,-0.9563810345917811
1699622376.3991818,3,-9,-24,259,255,24.31372549019608,-0.9563810345917811
1699622376.5729966,3,-9,-24,259,254,24.40944881889764,-0.9563810345917811
1699622376.73238,3,-9,-24,259,253,24.505928853754945,-0.9563810345917811
1699622376.8995006,3,-9,-23,259,256,24.218750000000004,-0.9563810345917811
1699622377.076442,3,-9,-24,259,254,24.40944881889764,-0.9563810345917811
1699622377.2569952,3,-9,-23,259,255,24.31372549019608,-0.9563810345917811
1699622377.4176304,3,-9,-22,259,256,24.218750000000004,-0.9563810345917811
1699622377.5781355,3,-9,-24,259,253,24.505928853754945,-0.9563810345917811
1699622377.7518485,3,-9,-23,259,255,24.31372549019608,-0.9563810345917811
1699622377.9301937,3,-9,-24,259,253,24.505928853754945,-0.9563810345917811
1699622378.1239085,3,-9,-24,259,254,24.40944881889764,-0.9563810345917811
1699622378.2988195,3,-9,-24,259,253,24.505928853754945,-0.9563810345917811
1699622378.4770823,3,-9,-24,259,254,24.40944881889764,-0.9563810345917811
1699622378.635117,3,-9,-23,259,254,24.40944881889764,-0.9563810345917811
1699622378.8049846,3,-9,-23,259,254,24.40944881889764,-0.9563810345917811
1699622378.9808855,3,-9,-23,259,255,24.31372549019608,-0.9563810345917811
1699622379.1496232,3,-9,-24,259,254,24.40944881889764,-0.9563810345917811
1699622379.3261776,3,-9,-23,259,254,24.40944881889764,-0.9563810345917811
1699622379.5177803,3,-9,-23,259,254,24.40944881889764,-0.9563810345917811
1699622379.68939,3,-9,-23,259,254,24.40944881889764,-0.9563810345917811
1699622379.883184,3,-9,-23,259,256,24.218750000000004,-0.9563810345917811
1699622380.0519495,3,-9,-23,259,254,24.40944881889764,-0.9563810345917811
1699622380.2285793,3,-9,-24,259,253,24.505928853754945,-0.9563810345917811
1699622380.3915818,3,-9,-23,259,255,24.31372549019608,-0.9563810345917811
1699622380.5725982,3,-9,-24,259,254,24.40944881889764,-0.9563810345917811
1699622380.7444494,3,-9,-24,259,255,24.31372549019608,-0.9563810345917811
1699622380.9176757,3,-9,-24,259,254,24.40944881889764,-0.9563810345917811
1699622381.0880997,3,-9,-24,259,254,24.40944881889764,-0.9563810345917811
1699622381.2635562,3,-9,-23,259,254,24.40944881889764,-0.9563810345917811
1699622381.4370573,3,-9,-23,259,254,24.40944881889764,-0.9563810345917811
1699622381.6066759,3,-9,-23,259,254,24.40944881889764,-0.9563810345917811
1699622381.7710319,3,-9,-24,259,255,24.31372549019608,-0.9563810345917811
1699622381.9462268,3,-9,-24,259,254,24.40944881889764,-0.9563810345917811
1699622382.1337945,3,-9,-24,259,253,24.505928853754945,-0.9563810345917811
1699622382.301988,3,-9,-24,259,253,24.505928853754945,-0.9563810345917811
1699622382.4801917,3,-9,-24,259,254,24.40944881889764,-0.9563810345917811
1699622382.6671243,3,-9,-24,259,255,24.31372549019608,-0.9563810345917811
1699622382.8316727,3,-9,-23,259,254,24.40944881889764,-0.9563810345917811
1699622383.011219,3,-9,-24,259,253,24.505928853754945,-0.9563810345917811
1699622383.1710694,3,-9,-22,259,256,24.218750000000004,-0.9563810345917811
1699622383.3518379,3,-9,-24,259,253,24.505928853754945,-0.9563810345917811
1699622383.5130942,3,-9,-24,259,254,24.40944881889764,-0.9563810345917811
1699622383.6964018,3,-9,-23,259,254,24.40944881889764,-0.9563810345917811
1699622383.8569164,3,-9,-24,259,254,24.40944881889764,-0.9563810345917811
1699622384.0219724,3,-9,-24,259,254,24.40944881889764,-0.9563810345917811
1699622384.1988134,3,-9,-24,259,254,24.40944881889764,-0.9563810345917811
1699622384.3844526,3,-9,-24,259,253,24.505928853754945,-0.9563810345917811
1699622384.547012,3,-9,-24,259,253,24.505928853754945,-0.9563810345917811
1699622384.7280314,3,-9,-23,259,254,24.40944881889764,-0.9563810345917811
1699622384.888028,3,-9,-24,259,255,24.31372549019608,-0.9563810345917811
1699622385.0696528,3,-9,-23,259,254,24.40944881889764,-0.9563810345917811
1699622385.230191,3,-9,-24,259,253,24.505928853754945,-0.9563810345917811
1699622385.3900223,3,-9,-24,259,254,24.40944881889764,-0.9563810345917811
1699622385.5545702,3,-9,-24,259,255,24.31372549019608,-0.9563810345917811
1699622385.734679,3,-9,-23,259,254,24.40944881889764,-0.9563810345917811
1699622385.8998,3,-9,-24,259,254,24.40944881889764,-0.9563810345917811
1699622386.070748,3,-9,-23,259,255,24.31372549019608,-0.9563810345917811
1699622386.2439446,3,-9,-23,259,254,24.40944881889764,-0.9563810345917811
1699622386.4342823,3,-9,-23,259,255,24.31372549019608,-0.9563810345917811
1699622386.608978,3,-9,-23,259,254,24.40944881889764,-0.9563810345917811
1699622386.7860715,3,-9,-24,259,254,24.40944881889764,-0.9563810345917811
1699622386.9469025,3,-9,-24,259,255,24.31372549019608,-0.9563810345917811
1699622387.1219532,3,-9,-24,259,253,24.505928853754945,-0.9563810345917811
1699622387.3011696,3,-9,-24,259,254,24.40944881889764,-0.9563810345917811
1699622387.4822505,3,-9,-23,259,255,24.31372549019608,-0.9563810345917811
1699622387.6630309,3,-9,-23,259,255,24.31372549019608,-0.9563810345917811
1699622387.8229477,3,-9,-24,259,255,24.31372549019608,-0.9563810345917811
1699622387.9831097,3,-9,-23,259,254,24.40944881889764,-0.9563810345917811
1699622388.1637836,3,-9,-23,259,254,24.40944881889764,-0.9563810345917811
1699622388.323052,3,-9,-24,259,254,24.40944881889764,-0.9563810345917811
1699622388.4978156,3,-9,-24,259,254,24.40944881889764,-0.9563810345917811
1699622388.6633353,3,-9,-23,259,255,24.31372549019608,-0.9563810345917811
1699622388.8386908,3,-9,-24,259,253,24.505928853754945,-0.9563810345917811
1699622389.0067627,3,-9,-24,259,253,24.505928853754945,-0.9563810345917811
1699622389.1666992,3,-9,-24,259,253,24.505928853754945,-0.9563810345917811
1699622389.3271573,3,-9,-24,259,255,24.31372549019608,-0.9563810345917811
1699622389.5076604,3,-9,-24,259,255,24.31372549019608,-0.9563810345917811
1699622389.6824663,3,-9,-24,259,255,24.31372549019608,-0.9563810345917811
1699622389.8621106,3,-9,-23,259,254,24.40944881889764,-0.9563810345917811
1699622390.0268824,3,-9,-23,259,256,24.218750000000004,-0.9563810345917811
1699622390.2026353,3,-9,-24,259,254,24.40944881889764,-0.9563810345917811
1699622390.3823788,3,-9,-24,259,254,24.40944881889764,-0.9563810345917811
1699622390.5489361,3,-9,-23,259,254,24.40944881889764,-0.9563810345917811
1699622390.7272534,3,-9,-24,259,254,24.40944881889764,-0.9563810345917811
1699622390.9148006,3,-9,-23,259,255,24.31372549019608,-0.9563810345917811
1699622391.07797,3,-9,-24,259,255,24.31372549019608,-0.9563810345917811
1699622391.2587972,3,-9,-23,259,255,24.31372549019608,-0.9563810345917811
1699622391.4186456,3,-9,-23,259,254,24.40944881889764,-0.9563810345917811
1699622391.60551,3,-9,-24,259,253,24.505928853754945,-0.9563810345917811
1699622391.776844,3,-9,-23,259,256,24.218750000000004,-0.9563810345917811
1699622391.9557455,3,-9,-23,259,254,24.40944881889764,-0.9563810345917811
1699622392.135208,3,-9,-23,259,256,24.218750000000004,-0.9563810345917811
1699622392.320681,3,-9,-23,259,254,24.40944881889764,-0.9563810345917811
1699622392.489145,3,-9,-24,259,255,24.31372549019608,-0.9563810345917811
1699622392.6805444,3,-9,-24,259,254,24.40944881889764,-0.9563810345917811
1699622392.857682,3,-9,-23,259,256,24.218750000000004,-0.9563810345917811
1699622393.035255,3,-9,-24,259,255,24.31372549019608,-0.9563810345917811
1699622393.21447,3,-9,-24,259,254,24.40944881889764,-0.9563810345917811
1699622393.3953104,3,-9,-23,259,255,24.31372549019608,-0.9563810345917811
1699622393.586452,3,-9,-24,259,255,24.31372549019608,-0.9563810345917811
1699622393.7617197,3,-9,-24,259,253,24.505928853754945,-0.9563810345917811
1699622393.9306953,3,-9,-23,259,255,24.31372549019608,-0.9563810345917811
1699622394.1042309,3,-9,-23,259,254,24.40944881889764,-0.9563810345917811
1699622394.2739239,3,-9,-24,259,254,24.40944881889764,-0.9563810345917811
1699622394.4475152,3,-9,-23,259,254,24.40944881889764,-0.9563810345917811
1699622394.6349502,3,-9,-24,259,254,24.40944881889764,-0.9563810345917811
1699622394.8068712,3,-9,-24,259,253,24.505928853754945,-0.9563810345917811
1699622394.9862347,3,-9,-23,259,256,24.218750000000004,-0.9563810345917811
1699622395.1662142,3,-9,-23,259,254,24.40944881889764,-0.9563810345917811
1699622395.341723,3,-9,-24,259,253,24.505928853754945,-0.9563810345917811
1699622395.520885,3,-9,-23,259,255,24.31372549019608,-0.9563810345917811
1699622395.6870189,3,-9,-23,259,255,24.31372549019608,-0.9563810345917811
1699622395.8524976,3,-9,-23,259,255,24.31372549019608,-0.9563810345917811
1699622396.0250778,3,-9,-24,259,253,24.505928853754945,-0.9563810345917811
1699622396.2057545,3,-9,-24,259,254,24.40944881889764,-0.9563810345917811
1699622396.393906,3,-9,-23,259,255,24.31372549019608,-0.9563810345917811
1699622396.5701997,3,-9,-24,259,255,24.31372549019608,-0.9563810345917811
1699622396.741325,3,-9,-24,259,254,24.40944881889764,-0.9563810345917811
1699622396.9112036,3,-9,-24,259,253,24.505928853754945,-0.9563810345917811
1699622397.0851903,3,-9,-23,259,254,24.40944881889764,-0.9563810345917811
1699622397.2650125,3,-9,-24,259,253,24.505928853754945,-0.9563810345917811
1699622397.4447002,3,-9,-24,259,255,24.31372549019608,-0.9563810345917811
1699622397.6116989,3,-9,-23,259,256,24.218750000000004,-0.9563810345917811
1699622397.7889993,3,-9,-24,259,254,24.40944881889764,-0.9563810345917811
1699622397.9613228,3,-9,-23,259,254,24.40944881889764,-0.9563810345917811
1699622398.1513512,3,-9,-24,259,253,24.505928853754945,-0.9563810345917811
1699622398.3191056,3,-9,-24,259,254,24.40944881889764,-0.9563810345917811
1699622398.4933772,3,-9,-24,259,254,24.40944881889764,-0.9563810345917811
1699622398.6701822,3,-9,-24,259,253,24.505928853754945,-0.9563810345917811
1699622398.861418,3,-9,-23,259,254,24.40944881889764,-0.9563810345917811
1699622399.0386014,3,-9,-24,259,253,24.505928853754945,-0.9563810345917811
1699622399.2077558,3,-9,-24,259,254,24.40944881889764,-0.9563810345917811
1699622399.4011347,3,-9,-24,259,254,24.40944881889764,-0.9563810345917811
1699622399.5694573,3,-9,-23,259,256,24.218750000000004,-0.9563810345917811
1699622399.7448142,3,-9,-24,259,253,24.505928853754945,-0.9563810345917811
1699622399.9127595,3,-9,-24,259,253,24.505928853754945,-0.9563810345917811
1699622400.0997417,3,-9,-23,259,254,24.40944881889764,-0.9563810345917811
1699622400.2934148,3,-9,-24,259,253,24.505928853754945,-0.9563810345917811
1699622400.4760847,3,-9,-23,259,256,24.218750000000004,-0.9563810345917811
1699622400.6612067,3,-9,-24,259,254,24.40944881889764,-0.9563810345917811
1699622400.8308415,3,-9,-24,259,254,24.40944881889764,-0.9563810345917811
1699622401.0108812,3,-9,-24,259,254,24.40944881889764,-0.9563810345917811
1699622401.1756332,3,-9,-23,259,256,24.218750000000004,-0.9563810345917811
1699622401.3546715,3,-9,-24,259,253,24.505928853754945,-0.9563810345917811
1699622401.5276697,3,-9,-24,259,254,24.40944881889764,-0.9563810345917811
1699622401.7068033,3,-9,-23,259,254,24.40944881889764,-0.9563810345917811
1699622401.870952,3,-9,-24,259,253,24.505928853754945,-0.9563810345917811
1699622402.0493495,3,-9,-23,259,254,24.40944881889764,-0.9563810345917811
1699622402.228485,3,-9,-24,259,254,24.40944881889764,-0.9563810345917811
1699622402.3879793,3,-9,-24,259,253,24.505928853754945,-0.9563810345917811
1699622402.5714304,3,-9,-23,259,255,24.31372549019608,-0.9563810345917811
1699622402.7424438,3,-9,-24,259,253,24.505928853754945,-0.9563810345917811
1699622402.9316995,3,-9,-24,259,255,24.31372549019608,-0.9563810345917811
