1699624980.2290955,10,22,52,72,72,86.11111111111113,2.3367410088134952
1699624980.2290955,12,-129,53,75,73,84.93150684931508,-13.456406039455286
1699624980.2290955,17,-280,54,76,73,84.93150684931508,-27.44532679310386
1699624980.2290955,16,-205,54,77,73,84.93150684931508,-20.818902834126483
1699624980.2290955,11,-53,53,72,72,86.11111111111113,-5.614504665163061
1699624981.0456831,10,22,52,72,72,86.11111111111113,2.3367410088134952
1699624981.0456831,12,-129,53,75,73,84.93150684931508,-13.456406039455286
1699624981.0456831,17,-280,54,76,73,84.93150684931508,-27.44532679310386
1699624981.0456831,11,-53,52,72,73,84.93150684931508,-5.614504665163061
1699624981.0456831,16,-205,54,77,73,84.93150684931508,-20.818902834126483
1699624981.5309744,10,22,52,72,72,86.11111111111113,2.3367410088134952
1699624981.5309744,12,-129,53,75,73,84.93150684931508,-13.456406039455286
1699624981.5309744,17,-280,54,76,73,84.93150684931508,-27.44532679310386
1699624981.5309744,11,-53,52,72,73,84.93150684931508,-5.614504665163061
1699624982.0008383,10,22,52,72,72,86.11111111111113,2.3367410088134952
1699624982.0008383,12,-129,53,75,73,84.93150684931508,-13.456406039455286
1699624982.0008383,17,-280,54,76,73,84.93150684931508,-27.44532679310386
1699624982.0008383,11,-53,52,72,73,84.93150684931508,-5.614504665163061
1699624982.0008383,16,-205,54,77,73,84.93150684931508,-20.818902834126483
1699624982.5105886,10,22,52,72,72,86.11111111111113,2.3367410088134952
1699624982.5105886,17,-280,54,76,73,84.93150684931508,-27.44532679310386
1699624982.5105886,12,-129,53,75,73,84.93150684931508,-13.456406039455286
1699624982.5105886,11,-53,52,72,73,84.93150684931508,-5.614504665163061
1699624982.9770963,10,22,52,72,72,86.11111111111113,2.3367410088134952
1699624982.9770963,12,-129,53,75,73,84.93150684931508,-13.456406039455286
1699624982.9770963,17,-280,54,76,73,84.93150684931508,-27.44532679310386
1699624982.9770963,16,-205,54,77,73,84.93150684931508,-20.818902834126483
1699624982.9770963,11,-54,52,73,73,84.93150684931508,-5.719742748496919
1699624983.5063853,10,22,52,72,72,86.11111111111113,2.3367410088134952
1699624983.5063853,17,-280,54,76,73,84.93150684931508,-27.44532679310386
1699624983.5063853,12,-129,53,75,73,84.93150684931508,-13.456406039455286
1699624983.5063853,11,-53,52,72,73,84.93150684931508,-5.614504665163061
1699624983.9835658,10,22,52,72,72,86.11111111111113,2.3367410088134952
1699624983.9835658,12,-129,53,75,73,84.93150684931508,-13.456406039455286
1699624983.9835658,17,-280,54,76,73,84.93150684931508,-27.44532679310386
1699624983.9835658,11,-53,52,72,73,84.93150684931508,-5.614504665163061
1699624983.9835658,16,-205,54,77,73,84.93150684931508,-20.818902834126483
1699624984.5224864,10,22,52,72,72,86.11111111111113,2.3367410088134952
1699624984.5224864,12,-129,53,75,73,84.93150684931508,-13.456406039455286
1699624984.5224864,17,-280,54,76,73,84.93150684931508,-27.44532679310386
1699624984.5224864,11,-53,52,72,73,84.93150684931508,-5.614504665163061
1699624985.0120537,10,22,52,72,72,86.11111111111113,2.3367410088134952
1699624985.0120537,12,-129,53,75,73,84.93150684931508,-13.456406039455286
1699624985.0120537,17,-280,54,76,73,84.93150684931508,-27.44532679310386
1699624985.0120537,11,-53,52,72,73,84.93150684931508,-5.614504665163061
1699624985.0120537,16,-205,54,77,73,84.93150684931508,-20.818902834126483
1699624985.506369,10,22,52,72,72,86.11111111111113,2.3367410088134952
1699624985.506369,12,-129,53,75,73,84.93150684931508,-13.456406039455286
1699624985.506369,17,-280,54,76,73,84.93150684931508,-27.44532679310386
1699624985.506369,11,-54,52,73,73,84.93150684931508,-5.719742748496919
1699624985.9998465,12,-129,53,75,73,84.93150684931508,-13.456406039455286
1699624985.9998465,17,-280,54,76,73,84.93150684931508,-27.44532679310386
1699624985.9998465,11,-53,53,72,72,86.11111111111113,-5.614504665163061
1699624985.9998465,16,-205,54,77,73,84.93150684931508,-20.818902834126483
1699624986.4883702,10,22,52,72,72,86.11111111111113,2.3367410088134952
1699624986.4883702,12,-129,53,75,73,84.93150684931508,-13.456406039455286
1699624986.4883702,11,-53,52,72,73,84.93150684931508,-5.614504665163061
1699624987.0175197,10,22,52,72,72,86.11111111111113,2.3367410088134952
1699624987.0175197,12,-129,53,75,73,84.93150684931508,-13.456406039455286
1699624987.0175197,17,-280,54,76,73,84.93150684931508,-27.44532679310386
1699624987.0175197,11,-54,52,73,73,84.93150684931508,-5.719742748496919
1699624987.0175197,16,-205,54,77,73,84.93150684931508,-20.818902834126483
1699624987.4899325,17,-280,54,76,73,84.93150684931508,-27.44532679310386
1699624987.4899325,10,21,52,73,72,86.11111111111113,2.2306353530719227
1699624987.4899325,12,-129,53,75,73,84.93150684931508,-13.456406039455286
1699624987.4899325,11,-54,52,73,73,84.93150684931508,-5.719742748496919
1699624988.0062172,10,22,52,72,72,86.11111111111113,2.3367410088134952
1699624988.0062172,12,-129,53,75,73,84.93150684931508,-13.456406039455286
1699624988.0062172,17,-280,54,76,73,84.93150684931508,-27.44532679310386
1699624988.0062172,11,-54,53,73,72,86.11111111111113,-5.719742748496919
1699624988.5097413,10,22,52,72,72,86.11111111111113,2.3367410088134952
1699624988.5097413,12,-129,53,75,73,84.93150684931508,-13.456406039455286
1699624988.5097413,16,-205,54,77,73,84.93150684931508,-20.818902834126483
1699624988.5097413,11,-53,52,72,73,84.93150684931508,-5.614504665163061
1699624988.5097413,17,-280,54,76,73,84.93150684931508,-27.44532679310386
1699624988.974116,17,-280,54,76,73,84.93150684931508,-27.44532679310386
1699624988.974116,10,22,52,72,72,86.11111111111113,2.3367410088134952
1699624988.974116,12,-129,53,75,73,84.93150684931508,-13.456406039455286
1699624988.974116,11,-54,52,73,73,84.93150684931508,-5.719742748496919
1699624989.4682777,17,-280,54,76,73,84.93150684931508,-27.44532679310386
1699624989.4682777,10,22,52,72,72,86.11111111111113,2.3367410088134952
1699624989.4682777,12,-129,53,75,73,84.93150684931508,-13.456406039455286
1699624989.4682777,11,-53,52,72,73,84.93150684931508,-5.614504665163061
1699624989.4682777,16,-205,54,77,73,84.93150684931508,-20.818902834126483
1699624989.9540687,12,-129,53,75,73,84.93150684931508,-13.456406039455286
1699624989.9540687,17,-280,54,76,73,84.93150684931508,-27.44532679310386
1699624989.9540687,11,-53,52,72,73,84.93150684931508,-5.614504665163061
1699624990.4415605,10,22,52,72,72,86.11111111111113,2.3367410088134952
1699624990.4415605,12,-129,53,75,73,84.93150684931508,-13.456406039455286
1699624990.4415605,17,-280,54,76,73,84.93150684931508,-27.44532679310386
1699624990.4415605,11,-53,52,72,73,84.93150684931508,-5.614504665163061
1699624990.4415605,16,-205,54,77,73,84.93150684931508,-20.818902834126483
1699624990.9110017,17,-280,54,76,73,84.93150684931508,-27.44532679310386
1699624990.9110017,12,-129,53,75,73,84.93150684931508,-13.456406039455286
1699624990.9110017,11,-53,52,72,73,84.93150684931508,-5.614504665163061
1699624991.4397502,10,22,52,72,72,86.11111111111113,2.3367410088134952
1699624991.4397502,12,-129,53,75,73,84.93150684931508,-13.456406039455286
1699624991.4397502,17,-280,54,76,73,84.93150684931508,-27.44532679310386
1699624991.4397502,16,-205,54,77,73,84.93150684931508,-20.818902834126483
1699624991.4397502,11,-53,52,72,73,84.93150684931508,-5.614504665163061
1699624991.912329,17,-280,54,76,73,84.93150684931508,-27.44532679310386
1699624991.912329,12,-129,53,75,73,84.93150684931508,-13.456406039455286
1699624991.912329,11,-54,52,73,73,84.93150684931508,-5.719742748496919
1699624991.912329,16,-205,54,77,73,84.93150684931508,-20.818902834126483
1699624992.4110744,10,22,52,72,72,86.11111111111113,2.3367410088134952
1699624992.4110744,12,-129,53,75,73,84.93150684931508,-13.456406039455286
1699624992.4110744,17,-281,54,77,73,84.93150684931508,-27.5289617652556
1699624992.4110744,11,-53,52,72,73,84.93150684931508,-5.614504665163061
1699624992.9107535,10,22,52,72,72,86.11111111111113,2.3367410088134952
1699624992.9107535,12,-129,53,75,73,84.93150684931508,-13.456406039455286
1699624992.9107535,17,-280,54,76,73,84.93150684931508,-27.44532679310386
1699624992.9107535,11,-54,52,73,73,84.93150684931508,-5.719742748496919
1699624992.9107535,16,-205,54,77,73,84.93150684931508,-20.818902834126483
1699624993.383445,10,22,52,72,72,86.11111111111113,2.3367410088134952
1699624993.383445,17,-280,54,76,73,84.93150684931508,-27.44532679310386
1699624993.383445,11,-54,53,73,72,86.11111111111113,-5.719742748496919
1699624993.383445,12,-129,53,75,73,84.93150684931508,-13.456406039455286
1699624993.8776932,10,22,52,72,72,86.11111111111113,2.3367410088134952
1699624993.8776932,12,-129,53,75,73,84.93150684931508,-13.456406039455286
1699624993.8776932,17,-280,54,76,73,84.93150684931508,-27.44532679310386
1699624993.8776932,11,-53,52,72,73,84.93150684931508,-5.614504665163061
1699624994.4096143,17,-280,54,76,73,84.93150684931508,-27.44532679310386
1699624994.4096143,16,-205,54,77,73,84.93150684931508,-20.818902834126483
1699624994.4096143,12,-129,53,75,73,84.93150684931508,-13.456406039455286
1699624994.4096143,11,-54,52,73,73,84.93150684931508,-5.719742748496919
1699624994.8767366,10,22,52,72,72,86.11111111111113,2.3367410088134952
1699624994.8767366,17,-280,54,76,73,84.93150684931508,-27.44532679310386
1699624994.8767366,11,-54,52,73,73,84.93150684931508,-5.719742748496919
1699624995.4407673,10,22,52,72,72,86.11111111111113,2.3367410088134952
1699624995.4407673,17,-280,54,76,73,84.93150684931508,-27.44532679310386
1699624995.4407673,16,-205,54,77,73,84.93150684931508,-20.818902834126483
1699624995.4407673,12,-129,53,75,73,84.93150684931508,-13.456406039455286
1699624995.4407673,11,-54,52,73,73,84.93150684931508,-5.719742748496919
1699624995.9215155,10,22,52,72,72,86.11111111111113,2.3367410088134952
1699624995.9215155,12,-129,53,75,73,84.93150684931508,-13.456406039455286
1699624995.9215155,17,-281,54,77,73,84.93150684931508,-27.5289617652556
1699624995.9215155,11,-54,52,73,73,84.93150684931508,-5.719742748496919
1699624996.4686468,12,-129,53,75,73,84.93150684931508,-13.456406039455286
1699624996.4686468,17,-280,54,76,73,84.93150684931508,-27.44532679310386
1699624996.4686468,16,-205,54,77,73,84.93150684931508,-20.818902834126483
1699624996.4686468,11,-54,52,73,73,84.93150684931508,-5.719742748496919
1699624996.9464033,17,-281,54,77,73,84.93150684931508,-27.5289617652556
1699624996.9464033,10,22,51,72,73,84.93150684931508,2.3367410088134952
1699624996.9464033,12,-129,53,75,73,84.93150684931508,-13.456406039455286
1699624996.9464033,11,-53,52,72,73,84.93150684931508,-5.614504665163061
1699624997.471388,10,22,52,72,72,86.11111111111113,2.3367410088134952
1699624997.471388,12,-129,53,75,73,84.93150684931508,-13.456406039455286
1699624997.471388,17,-280,54,76,73,84.93150684931508,-27.44532679310386
1699624997.471388,11,-54,52,73,73,84.93150684931508,-5.719742748496919
1699624997.471388,16,-205,54,77,73,84.93150684931508,-20.818902834126483
1699624998.0031796,10,22,52,72,72,86.11111111111113,2.3367410088134952
1699624998.0031796,11,-54,52,73,73,84.93150684931508,-5.719742748496919
1699624998.0031796,17,-281,54,77,73,84.93150684931508,-27.5289617652556
1699624998.0031796,16,-205,54,77,73,84.93150684931508,-20.818902834126483
1699624998.0031796,12,-129,53,75,73,84.93150684931508,-13.456406039455286
1699624998.4511855,10,22,52,72,72,86.11111111111113,2.3367410088134952
1699624998.4511855,11,-54,52,73,73,84.93150684931508,-5.719742748496919
1699624998.4511855,17,-281,54,77,73,84.93150684931508,-27.5289617652556
1699624998.4511855,16,-205,54,77,73,84.93150684931508,-20.818902834126483
1699624998.4511855,12,-129,53,75,73,84.93150684931508,-13.456406039455286
1699624998.907044,17,-280,54,76,73,84.93150684931508,-27.44532679310386
1699624998.907044,16,-205,54,77,73,84.93150684931508,-20.818902834126483
1699624998.907044,12,-129,53,75,73,84.93150684931508,-13.456406039455286
1699624998.907044,11,-54,52,73,73,84.93150684931508,-5.719742748496919
1699624999.4220607,10,22,52,72,72,86.11111111111113,2.3367410088134952
1699624999.4220607,12,-129,53,75,73,84.93150684931508,-13.456406039455286
1699624999.4220607,17,-281,54,77,73,84.93150684931508,-27.5289617652556
1699624999.4220607,11,-53,52,72,73,84.93150684931508,-5.614504665163061
1699624999.940794,10,22,52,72,72,86.11111111111113,2.3367410088134952
1699624999.940794,12,-129,53,75,73,84.93150684931508,-13.456406039455286
1699624999.940794,17,-280,54,76,73,84.93150684931508,-27.44532679310386
1699624999.940794,16,-205,54,77,73,84.93150684931508,-20.818902834126483
1699624999.940794,11,-54,52,73,73,84.93150684931508,-5.719742748496919
1699625000.4295595,10,22,52,72,72,86.11111111111113,2.3367410088134952
1699625000.4295595,12,-129,53,75,73,84.93150684931508,-13.456406039455286
1699625000.4295595,11,-54,52,73,73,84.93150684931508,-5.719742748496919
1699625000.4295595,17,-280,54,76,73,84.93150684931508,-27.44532679310386
1699625000.4295595,16,-205,54,77,73,84.93150684931508,-20.818902834126483
1699625000.939134,10,22,52,72,72,86.11111111111113,2.3367410088134952
1699625000.939134,17,-281,54,77,73,84.93150684931508,-27.5289617652556
1699625000.939134,16,-205,54,77,73,84.93150684931508,-20.818902834126483
1699625000.939134,12,-129,53,75,73,84.93150684931508,-13.456406039455286
1699625000.939134,11,-54,52,73,73,84.93150684931508,-5.719742748496919
1699625001.4406698,10,22,52,72,72,86.11111111111113,2.3367410088134952
1699625001.4406698,17,-281,54,77,73,84.93150684931508,-27.5289617652556
1699625001.4406698,16,-205,54,77,73,84.93150684931508,-20.818902834126483
1699625001.4406698,12,-129,53,75,73,84.93150684931508,-13.456406039455286
1699625001.4406698,11,-54,52,73,73,84.93150684931508,-5.719742748496919
1699625001.9381254,10,22,52,72,72,86.11111111111113,2.3367410088134952
1699625001.9381254,12,-129,53,75,73,84.93150684931508,-13.456406039455286
1699625001.9381254,11,-53,52,72,73,84.93150684931508,-5.614504665163061
1699625001.9381254,17,-280,54,76,73,84.93150684931508,-27.44532679310386
1699625002.5012274,17,-281,54,77,73,84.93150684931508,-27.5289617652556
1699625002.5012274,12,-129,53,75,73,84.93150684931508,-13.456406039455286
1699625002.5012274,10,22,52,72,72,86.11111111111113,2.3367410088134952
1699625002.5012274,11,-54,52,73,73,84.93150684931508,-5.719742748496919
1699625002.5012274,16,-205,54,77,73,84.93150684931508,-20.818902834126483
1699625002.9758127,11,-54,52,73,73,84.93150684931508,-5.719742748496919
1699625002.9758127,17,-280,54,76,73,84.93150684931508,-27.44532679310386
1699625002.9758127,12,-129,53,75,73,84.93150684931508,-13.456406039455286
1699625003.4563076,17,-280,54,76,73,84.93150684931508,-27.44532679310386
1699625003.4563076,10,22,52,72,72,86.11111111111113,2.3367410088134952
1699625003.4563076,11,-54,52,73,73,84.93150684931508,-5.719742748496919
1699625003.4563076,16,-205,54,77,73,84.93150684931508,-20.818902834126483
1699625003.4563076,12,-129,53,75,73,84.93150684931508,-13.456406039455286
1699625003.951842,10,22,52,72,72,86.11111111111113,2.3367410088134952
1699625003.951842,17,-281,54,77,73,84.93150684931508,-27.5289617652556
1699625003.951842,16,-205,54,77,73,84.93150684931508,-20.818902834126483
1699625003.951842,11,-54,52,73,73,84.93150684931508,-5.719742748496919
1699625003.951842,12,-129,53,75,73,84.93150684931508,-13.456406039455286
1699625004.4210017,10,22,52,72,72,86.11111111111113,2.3367410088134952
1699625004.4210017,11,-54,52,73,73,84.93150684931508,-5.719742748496919
1699625004.4210017,17,-280,54,76,73,84.93150684931508,-27.44532679310386
1699625004.4210017,16,-205,54,77,73,84.93150684931508,-20.818902834126483
1699625004.4210017,12,-129,53,75,73,84.93150684931508,-13.456406039455286
1699625004.888113,10,22,52,72,72,86.11111111111113,2.3367410088134952
1699625004.888113,11,-54,52,73,73,84.93150684931508,-5.719742748496919
1699625004.888113,17,-281,54,77,73,84.93150684931508,-27.5289617652556
1699625004.888113,16,-205,54,77,73,84.93150684931508,-20.818902834126483
1699625004.888113,12,-129,53,75,73,84.93150684931508,-13.456406039455286
1699625005.3466218,17,-280,54,76,73,84.93150684931508,-27.44532679310386
1699625005.3466218,12,-129,53,75,73,84.93150684931508,-13.456406039455286
1699625005.3466218,10,22,52,72,72,86.11111111111113,2.3367410088134952
1699625005.3466218,16,-205,54,77,73,84.93150684931508,-20.818902834126483
1699625005.3466218,11,-54,52,73,73,84.93150684931508,-5.719742748496919
1699625005.789107,10,22,52,72,72,86.11111111111113,2.3367410088134952
1699625005.789107,11,-54,52,73,73,84.93150684931508,-5.719742748496919
1699625005.789107,17,-280,54,76,73,84.93150684931508,-27.44532679310386
1699625005.789107,16,-205,54,77,73,84.93150684931508,-20.818902834126483
1699625005.789107,12,-129,53,75,73,84.93150684931508,-13.456406039455286
1699625006.2600996,12,-129,53,75,73,84.93150684931508,-13.456406039455286
1699625006.2600996,10,22,52,72,72,86.11111111111113,2.3367410088134952
1699625006.2600996,11,-54,52,73,73,84.93150684931508,-5.719742748496919
1699625006.2600996,17,-280,54,76,73,84.93150684931508,-27.44532679310386
1699625006.2600996,16,-205,54,77,73,84.93150684931508,-20.818902834126483
1699625006.7479138,10,22,52,72,72,86.11111111111113,2.3367410088134952
1699625006.7479138,17,-280,54,76,73,84.93150684931508,-27.44532679310386
1699625006.7479138,16,-205,54,77,73,84.93150684931508,-20.818902834126483
1699625006.7479138,12,-129,53,75,73,84.93150684931508,-13.456406039455286
1699625006.7479138,11,-54,52,73,73,84.93150684931508,-5.719742748496919
1699625007.1891088,17,-280,54,76,73,84.93150684931508,-27.44532679310386
1699625007.1891088,10,22,52,72,72,86.11111111111113,2.3367410088134952
1699625007.1891088,12,-129,53,75,73,84.93150684931508,-13.456406039455286
1699625007.1891088,11,-53,52,72,73,84.93150684931508,-5.614504665163061
1699625007.1891088,16,-205,54,77,73,84.93150684931508,-20.818902834126483
1699625007.6878533,10,22,52,72,72,86.11111111111113,2.3367410088134952
1699625007.6878533,11,-54,52,73,73,84.93150684931508,-5.719742748496919
1699625007.6878533,17,-280,54,76,73,84.93150684931508,-27.44532679310386
1699625007.6878533,16,-205,54,77,73,84.93150684931508,-20.818902834126483
1699625007.6878533,12,-129,53,75,73,84.93150684931508,-13.456406039455286
1699625008.134642,10,22,52,72,72,86.11111111111113,2.3367410088134952
1699625008.134642,12,-129,53,75,73,84.93150684931508,-13.456406039455286
1699625008.134642,17,-281,54,77,73,84.93150684931508,-27.5289617652556
1699625008.134642,16,-205,54,77,73,84.93150684931508,-20.818902834126483
1699625008.134642,11,-54,52,73,73,84.93150684931508,-5.719742748496919
1699625008.6049385,17,-281,54,77,73,84.93150684931508,-27.5289617652556
1699625008.6049385,10,22,52,72,72,86.11111111111113,2.3367410088134952
1699625008.6049385,11,-54,52,73,73,84.93150684931508,-5.719742748496919
1699625008.6049385,16,-205,54,77,73,84.93150684931508,-20.818902834126483
1699625008.6049385,12,-129,53,75,73,84.93150684931508,-13.456406039455286
1699625009.0767443,17,-280,54,76,73,84.93150684931508,-27.44532679310386
1699625009.0767443,10,22,52,72,72,86.11111111111113,2.3367410088134952
1699625009.0767443,12,-129,53,75,73,84.93150684931508,-13.456406039455286
1699625009.0767443,16,-205,54,77,73,84.93150684931508,-20.818902834126483
1699625009.0767443,11,-54,52,73,73,84.93150684931508,-5.719742748496919
1699625009.562634,17,-280,54,76,73,84.93150684931508,-27.44532679310386
1699625009.562634,10,22,52,72,72,86.11111111111113,2.3367410088134952
1699625009.562634,11,-54,52,73,73,84.93150684931508,-5.719742748496919
1699625009.562634,16,-205,54,77,73,84.93150684931508,-20.818902834126483
1699625009.562634,12,-129,53,75,73,84.93150684931508,-13.456406039455286
1699625010.069891,10,22,52,72,72,86.11111111111113,2.3367410088134952
1699625010.069891,11,-54,52,73,73,84.93150684931508,-5.719742748496919
1699625010.069891,17,-280,54,76,73,84.93150684931508,-27.44532679310386
1699625010.069891,16,-205,54,77,73,84.93150684931508,-20.818902834126483
1699625010.069891,12,-129,53,75,73,84.93150684931508,-13.456406039455286
1699625010.543524,17,-280,54,76,73,84.93150684931508,-27.44532679310386
1699625010.543524,12,-129,53,75,73,84.93150684931508,-13.456406039455286
1699625010.543524,10,22,52,72,72,86.11111111111113,2.3367410088134952
1699625010.543524,11,-54,52,73,73,84.93150684931508,-5.719742748496919
1699625010.543524,16,-205,54,77,73,84.93150684931508,-20.818902834126483
1699625010.9749722,17,-280,54,76,73,84.93150684931508,-27.44532679310386
1699625010.9749722,10,22,52,72,72,86.11111111111113,2.3367410088134952
1699625010.9749722,16,-205,54,77,73,84.93150684931508,-20.818902834126483
1699625010.9749722,12,-129,53,75,73,84.93150684931508,-13.456406039455286
1699625010.9749722,11,-54,52,73,73,84.93150684931508,-5.719742748496919
1699625011.4250875,16,-218,55,80,75,82.66666666666669,-22.01618412969245
1699625011.4250875,11,-63,54,74,74,83.78378378378379,-6.665061502275082
1699625011.4250875,10,13,52,73,73,84.93150684931508,1.3812999174368017
1699625011.4250875,12,-140,55,77,74,83.78378378378379,-14.556902633910628
1699625011.836357,10,1,52,74,75,82.66666666666669,0.1062743078657994
1699625011.836357,16,-239,55,83,77,80.51948051948054,-23.90801879906859
1699625011.836357,12,-158,55,81,76,81.57894736842107,-16.333988693792744
1699625011.836357,11,-78,54,77,76,81.57894736842107,-8.232284483481385
1699625012.3198988,11,-81,54,79,80,77.50000000000001,-8.54432198150461
1699625012.3198988,16,-249,56,87,80,77.50000000000001,-24.790082554948466
1699625012.3198988,12,-164,55,85,80,77.50000000000001,-16.91942262152814
1699625012.3198988,10,1,53,77,78,79.4871794871795,0.1062743078657994
1699625012.753972,10,-14,51,80,81,76.54320987654322,-1.4875077226255586
1699625012.753972,16,-275,54,91,84,73.80952380952382,-27.02524834505668
1699625012.753972,11,-99,53,85,82,75.60975609756099,-10.40524832365576
1699625012.753972,12,-186,53,89,83,74.6987951807229,-19.034434354835188
1699625013.171764,10,-12,51,83,84,73.80952380952382,-1.2750826169617748
1699625013.171764,11,-100,52,87,86,72.09302325581396,-10.508022140232413
1699625013.171764,12,-190,53,93,86,72.09302325581396,-19.413444096195985
1699625013.5858583,11,-100,51,90,89,69.66292134831461,-10.508022140232413
1699625013.5858583,10,-9,50,86,87,71.26436781609196,-0.9563810345917811
1699625013.5858583,12,-194,52,96,89,69.66292134831461,-19.79069493654738
1699625014.004113,10,-7,49,91,90,68.8888888888889,-0.74387920879624
1699625014.004113,12,-200,50,101,93,66.66666666666667,-20.35322914806883
1699625014.004113,11,-102,50,94,92,67.3913043478261,-10.713364155480653
1699625014.3549385,11,-108,49,99,96,64.58333333333334,-11.327703014829057
1699625014.3549385,10,-8,48,94,94,65.95744680851065,-0.8501330454313055
1699625014.3549385,12,-209,50,104,97,63.917525773195884,-21.189383845645846
1699625014.7178922,10,-25,48,98,97,63.917525773195884,-2.6549588769771035
1699625014.7178922,12,-235,51,111,100,62.00000000000001,-23.551765868612073
1699625014.7178922,11,-128,50,103,100,62.00000000000001,-13.355844454032088
1699625015.0320792,11,-130,50,107,102,60.78431372549021,-13.55688323266358
1699625015.0320792,10,-23,48,100,101,61.3861386138614,-2.4428306303611227
1699625015.0320792,12,-240,51,113,104,59.61538461538463,-23.996777288565738
1699625015.3647552,10,-26,49,103,103,60.194174757281566,-2.7609960568462575
1699625015.3647552,12,-250,52,118,108,57.40740740740742,-24.877611194528516
1699625015.8268735,11,-159,52,119,112,55.35714285714287,-16.431808422216594
1699625015.8268735,10,-43,50,109,108,57.40740740740742,-4.560147265001545
1699625016.1883068,11,-164,50,125,118,52.54237288135594,-16.91942262152814
1699625016.1883068,10,-42,49,114,114,54.38596491228071,-4.454529204005441
1699625016.570721,10,-41,45,120,125,49.60000000000001,-4.348880799665057
1699625016.570721,11,-169,49,131,123,50.40650406504066,-17.404525184005227
1699625016.862698,10,-40,47,124,125,49.60000000000001,-4.243202757619135
1699625016.862698,11,-173,49,136,128,48.43750000000001,-17.790765425423544
1699625017.1539664,10,-39,45,130,130,47.6923076923077,-4.13749578470897
1699625017.1539664,11,-179,47,143,134,46.268656716417915,-18.36699878105277
1699625017.4520624,10,-39,43,136,135,45.92592592592593,-4.13749578470897
1699625017.4520624,11,-184,45,148,139,44.6043165467626,-18.84427644904627
1699625017.752716,10,-39,42,143,142,43.66197183098592,-4.13749578470897
1699625017.752716,11,-191,44,156,146,42.46575342465754,-19.507922508578496
1699625018.0102396,10,-38,40,149,149,41.61073825503356,-4.031760588950713
1699625018.0102396,11,-197,43,163,152,40.789473684210535,-20.07246656737335
1699625018.252306,10,-36,40,155,154,40.25974025974027,-3.8202083666617566
1699625018.252306,11,-202,42,169,158,39.24050632911393,-20.53983965738927
1699625018.4769063,10,-35,39,162,160,38.75000000000001,-3.714392761786679
1699625018.4769063,11,-207,41,176,165,37.57575757575758,-21.00437328468872
1699625018.7109125,10,-34,39,169,167,37.125748502994014,-3.6085517773185476
1699625018.7109125,11,-213,41,183,171,36.257309941520475,-21.558016806404698
1699625018.9200718,10,-8,38,173,171,36.257309941520475,-0.8501330454313055
1699625018.9200718,11,-191,41,181,174,35.63218390804598,-19.507922508578496
1699625019.123868,11,-157,40,177,176,35.227272727272734,-16.236070980753333
1699625019.123868,10,29,36,179,175,35.42857142857143,3.078991167182793
1699625019.3173604,11,-148,37,182,181,34.25414364640884,-15.350473498668093
1699625019.3173604,10,43,34,187,181,34.25414364640884,4.560147265001545
1699625019.529836,11,-152,35,190,189,32.80423280423281,-15.745027649154892
1699625019.529836,10,48,32,196,192,32.29166666666667,5.0877578101051295
1699625019.7477658,11,-151,34,196,196,31.632653061224495,-15.64653107388349
1699625019.7477658,10,58,31,207,200,31.000000000000004,6.140301141305523
1699625019.935297,11,-116,32,194,199,31.155778894472366,-12.142712829376121
1699625019.935297,10,97,30,220,210,29.52380952380953,10.199498041433117
1699625020.1533544,11,-72,31,195,202,30.6930693069307,-7.606749474630248
1699625020.1533544,10,148,27,238,222,27.927927927927932,15.350473498668093
1699625020.3415964,12,-231,35,175,192,32.29166666666667,-23.19357136790705
1699625020.3415964,11,-43,29,198,209,29.665071770334933,-4.560147265001545
1699625020.3415964,10,186,24,254,235,26.38297872340426,19.034434354835188
1699625020.5477345,12,-216,34,175,195,31.7948717948718,-21.833268791071543
1699625020.5477345,11,-24,28,203,216,28.70370370370371,-2.548903494068427
1699625020.7904112,12,-187,33,173,200,31.000000000000004,-19.12935054867832
1699625020.7904112,11,11,26,212,229,27.074235807860266,1.1688565501000576
1699625021.0236433,12,-152,32,170,203,30.54187192118227,-15.745027649154892
1699625021.0236433,11,52,24,224,241,25.72614107883818,5.509228563623229
1699625021.249292,12,-114,32,168,208,29.807692307692314,-11.939414178352928
1699625021.249292,11,99,23,244,258,24.031007751937988,10.40524832365576
1699625021.4733999,12,-89,32,171,216,28.70370370370371,-9.373883203052992
1699625021.7657628,12,-55,32,179,228,27.192982456140356,-5.824942124530689
1699625024.2840123,7,-241,52,85,77,80.51948051948054,-24.08541352897193
1699625025.7146976,8,-133,54,79,76,81.57894736842107,-13.857803363474689
1699625025.7146976,7,-54,53,72,73,84.93150684931508,-5.719742748496919
1699625025.7146976,9,-217,55,87,80,77.50000000000001,-21.92478522054117
1699625026.1620579,8,-153,53,84,79,78.48101265822785,-15.843428839849183
1699625026.1620579,7,-72,53,75,76,81.57894736842107,-7.606749474630248
1699625026.1620579,9,-241,54,92,83,74.6987951807229,-24.08541352897193
1699625026.6156733,7,-74,52,77,78,79.4871794871795,-7.815471397254411
1699625026.6156733,8,-158,53,87,82,75.60975609756099,-16.333988693792744
1699625026.6156733,9,-249,53,96,85,72.94117647058825,-24.790082554948466
1699625027.0304196,7,-51,50,79,80,77.50000000000001,-5.403915134496321
1699625027.0304196,8,-136,51,87,83,74.6987951807229,-14.157945744790373
1699625027.0304196,9,-228,52,95,86,72.09302325581396,-22.923658715156016
1699625027.3902216,7,-33,50,80,81,76.54320987654322,-3.502686126728226
1699625027.3902216,9,-212,51,96,87,71.26436781609196,-21.466032736430833
1699625027.3902216,8,-120,51,87,84,73.80952380952382,-12.5483759390987
1699625027.8231084,7,-26,50,83,85,72.94117647058825,-2.7609960568462575
1699625027.8231084,8,-116,52,90,88,70.45454545454547,-12.142712829376121
1699625027.8231084,9,-212,52,99,91,68.13186813186815,-21.466032736430833
1699625028.1535075,8,-85,52,89,88,70.45454545454547,-8.959575995474442
1699625028.1535075,7,6,51,86,86,72.09302325581396,0.6376202550928943
1699625028.1535075,9,-180,53,97,91,68.13186813186815,-18.462668114186137
1699625028.4489176,7,14,49,87,89,69.66292134831461,1.4875077226255586
1699625028.4489176,8,-79,51,91,90,68.8888888888889,-8.336352562554062
1699625028.4489176,9,-175,52,99,92,67.3913043478261,-17.983263132572862
1699625028.889275,8,-79,50,95,94,65.95744680851065,-8.336352562554062
1699625028.889275,7,18,49,93,92,67.3913043478261,1.9122294268504203
1699625028.889275,9,-179,51,103,96,64.58333333333334,-18.36699878105277
1699625029.257396,8,-79,49,99,98,63.26530612244899,-8.336352562554062
1699625029.257396,7,22,47,95,96,64.58333333333334,2.3367410088134952
1699625029.257396,9,-183,50,106,100,62.00000000000001,-18.74903541444329
1699625029.6898587,8,-80,48,103,102,60.78431372549021,-8.440365275506633
1699625029.6898587,7,27,46,100,101,61.3861386138614,2.8670143121816682
1699625029.6898587,9,-189,49,112,105,59.04761904761906,-19.318855748568993
1699625030.0776622,7,30,45,106,106,58.49056603773586,3.1849483278557194
1699625030.0776622,9,-196,48,117,110,56.363636363636374,-19.978654404768985
1699625030.4437568,7,34,45,111,110,56.363636363636374,3.6085517773185476
1699625030.4437568,8,-82,47,113,112,55.35714285714287,-8.648222041878432
1699625030.4437568,9,-201,48,122,115,53.913043478260875,-20.44659105159719
1699625030.7358284,7,38,45,115,114,54.38596491228071,4.031760588950713
1699625030.7358284,8,-82,46,117,117,52.991452991453,-8.648222041878432
1699625030.7358284,9,-206,48,127,120,51.66666666666667,-20.91169541023082
1699625031.0709794,8,-82,47,124,122,50.81967213114755,-8.648222041878432
1699625031.0709794,7,44,45,122,119,52.10084033613446,4.665734278244758
1699625031.0709794,9,-212,49,133,124,50.00000000000001,-21.466032736430833
1699625031.3783343,8,-72,46,127,126,49.206349206349216,-7.606749474630248
1699625031.3783343,7,59,43,127,125,49.60000000000001,6.245338828597758
1699625031.3783343,9,-205,47,134,129,48.062015503875976,-20.818902834126483
1699625031.6345992,9,-180,47,133,130,47.6923076923077,-18.462668114186137
1699625031.6345992,8,-46,45,129,129,48.062015503875976,-4.87681235015335
1699625031.6345992,7,89,43,134,130,47.6923076923077,9.373883203052992
1699625031.8588579,8,-41,45,131,132,46.969696969696976,-4.348880799665057
1699625031.8588579,9,-177,47,136,133,46.61654135338347,-18.175341896811013
1699625031.8588579,7,98,43,138,132,46.969696969696976,10.302406758622741
1699625032.092136,8,-54,44,137,136,45.58823529411765,-5.719742748496919
1699625032.092136,7,89,42,140,136,45.58823529411765,9.373883203052992
1699625032.092136,9,-196,46,143,137,45.25547445255475,-19.978654404768985
1699625032.3720236,8,-72,44,141,140,44.28571428571429,-7.606749474630248
1699625032.3720236,7,74,41,142,139,44.6043165467626,7.815471397254411
1699625032.3720236,9,-219,46,151,142,43.66197183098592,-22.10746528048097
1699625032.6471505,7,58,41,144,142,43.66197183098592,6.140301141305523
1699625032.9667554,7,56,40,151,150,41.33333333333334,5.93010210572097
1699625032.9667554,8,-102,42,156,153,40.52287581699347,-10.713364155480653
1699625033.260199,8,-106,41,163,160,38.75000000000001,-11.12320925012442
1699625033.260199,7,61,38,159,156,39.74358974358975,6.455287136785497
1699625033.6030216,7,69,36,170,167,37.125748502994014,7.293287078020637
1699625033.6030216,8,-110,39,175,171,36.257309941520475,-11.53190478481219
1699625033.9228396,7,76,35,181,176,35.227272727272734,8.023984801010398
1699625033.9228396,8,-114,38,186,182,34.06593406593407,-11.939414178352928
1699625034.2329628,8,-117,36,198,194,31.958762886597942,-12.244246202334178
1699625034.2329628,7,85,33,195,190,32.631578947368425,8.959575995474442
1699625034.532156,8,-82,35,204,202,30.6930693069307,-8.648222041878432
1699625034.532156,7,130,31,215,202,30.6930693069307,13.55688323266358
1699625034.7546358,8,-42,33,207,206,30.097087378640783,-4.454529204005441
1699625034.7546358,7,177,28,233,213,29.10798122065728,18.175341896811013
1699625034.9661207,9,-202,35,193,201,30.84577114427861,-20.53983965738927
1699625034.9661207,8,7,31,211,213,29.10798122065728,0.74387920879624
1699625035.1813145,9,-161,35,187,202,30.6930693069307,-16.6271522388117
1699625035.1813145,8,51,30,221,223,27.802690582959645,5.403915134496321
1699625035.4038215,9,-144,33,194,211,29.383886255924175,-14.95442198679177
1699625035.4038215,8,78,28,235,238,26.05042016806723,8.232284483481385
1699625035.6529083,9,-150,31,204,223,27.802690582959645,-15.547939558288776
1699625035.6529083,8,87,25,253,255,24.31372549019608,9.16685046013392
1699625035.8729553,9,-130,30,208,233,26.60944206008584,-13.55688323266358
1699625035.8729553,8,117,23,277,273,22.710622710622715,12.244246202334178
1699625036.068859,9,-88,30,208,238,26.05042016806723,-9.27039735856775
1699625036.068859,8,169,21,299,288,21.527777777777782,17.404525184005227
1699625036.2632542,9,-47,28,211,245,25.306122448979597,-4.982302006398639
1699625036.5003152,9,11,26,220,259,23.938223938223942,1.1688565501000576
1699625039.3269167,33,-201,59,87,79,78.48101265822785,-20.44659105159719
1699625039.7195349,33,-204,59,90,81,76.54320987654322,-20.725995830978334
1699625040.3507454,33,-107,59,80,79,78.48101265822785,-11.225492345678969
1699625040.3507454,32,-193,59,92,83,74.6987951807229,-19.69654824538426
1699625040.71129,31,-251,59,101,86,72.09302325581396,-24.96501600045778
1699625041.0887094,33,-64,59,81,81,76.54320987654322,-6.769881767673709
1699625041.0887094,31,-246,59,102,88,70.45454545454547,-24.526755108495042
1699625041.5326183,33,-63,59,85,85,72.94117647058825,-6.665061502275082
1699625041.5326183,32,-153,59,96,88,70.45454545454547,-15.843428839849183
1699625041.5326183,31,-253,58,107,92,67.3913043478261,-25.139453540730653
1699625041.8773832,33,-54,58,86,86,72.09302325581396,-5.719742748496919
1699625041.8773832,32,-147,57,97,91,68.13186813186815,-15.251599858657364
1699625041.8773832,31,-248,57,110,94,65.95744680851065,-24.70243022777131
1699625042.1352644,33,-24,58,86,87,71.26436781609196,-2.548903494068427
1699625042.1352644,32,-116,58,95,90,68.8888888888889,-12.142712829376121
1699625042.1352644,31,-215,57,106,93,66.66666666666667,-21.741635082339087
1699625042.4438314,33,-5,57,88,89,69.66292134831461,-0.5313569149387267
1699625042.4438314,32,-99,57,95,91,68.13186813186815,-10.40524832365576
1699625042.4438314,31,-198,57,106,94,65.95744680851065,-20.16616661121554
1699625042.8420324,32,-100,56,99,95,65.26315789473685,-10.508022140232413
1699625042.8420324,33,-3,57,91,92,67.3913043478261,-0.3188199986227441
1699625042.8420324,31,-203,57,110,98,63.26530612244899,-20.632974678473587
1699625043.287144,33,1,57,95,96,64.58333333333334,0.1062743078657994
1699625043.287144,32,-101,56,105,99,62.62626262626264,-10.610727614582158
1699625043.287144,31,-209,56,116,102,60.78431372549021,-21.189383845645846
1699625043.6789596,33,4,57,99,102,60.78431372549021,0.425089919132221
1699625043.6789596,31,-215,57,121,108,57.40740740740742,-21.741635082339087
1699625044.2156563,33,9,56,107,108,57.40740740740742,0.9563810345917811
1699625044.2156563,31,-225,55,130,115,53.913043478260875,-22.65266630670857
1699625044.6694794,33,14,54,112,115,53.913043478260875,1.4875077226255586
1699625044.6694794,32,-107,54,123,118,52.54237288135594,-11.225492345678969
1699625044.6694794,31,-234,53,137,121,51.23966942148761,-23.462398797339375
1699625044.9688365,33,18,54,118,119,52.10084033613446,1.9122294268504203
1699625044.9688365,31,-241,53,143,126,49.206349206349216,-24.08541352897193
1699625044.9688365,32,-109,54,129,122,50.81967213114755,-11.429840684630294
1699625045.282722,32,-111,52,135,128,48.43750000000001,-11.633894747793091
1699625045.282722,31,-249,51,150,131,47.328244274809165,-24.790082554948466
1699625045.6171806,33,25,52,128,130,47.6923076923077,2.6549588769771035
1699625045.6171806,32,-113,52,141,136,45.58823529411765,-11.837650005357451
1699625045.960165,33,29,51,135,136,45.58823529411765,3.078991167182793
1699625045.960165,32,-115,50,148,141,43.971631205673766,-12.041101970999687
1699625046.2535133,33,34,51,142,144,43.055555555555564,3.6085517773185476
1699625046.2535133,32,-118,50,156,148,41.891891891891895,-12.345701541512671
1699625046.5092878,33,38,50,148,150,41.33333333333334,4.031760588950713
1699625046.5092878,32,-122,49,163,154,40.25974025974027,-12.75073169147278
1699625046.7609332,32,-125,49,171,161,38.50931677018634,-13.053658498766145
1699625046.7609332,33,42,50,156,156,39.74358974358975,4.454529204005441
1699625047.0663502,33,47,49,165,165,37.57575757575758,4.982302006398639
1699625047.0663502,32,-129,48,181,170,36.47058823529412,-13.456406039455286
1699625047.3586502,33,56,48,175,174,35.63218390804598,5.93010210572097
1699625047.3586502,32,-131,47,189,180,34.44444444444445,-13.657275522629282
1699625047.6074083,33,86,47,183,182,34.06593406593407,9.063243130687955
1699625047.6074083,32,-108,45,191,183,33.879781420765035,-11.327703014829057
1699625047.9012308,32,-64,44,194,187,33.15508021390375,-6.769881767673709
1699625047.9012308,33,140,47,202,196,31.632653061224495,14.556902633910628
1699625048.1664488,31,-202,44,193,186,33.333333333333336,-20.53983965738927
1699625048.1664488,32,-8,42,197,195,31.7948717948718,-0.8501330454313055
1699625048.1664488,33,205,44,223,209,29.665071770334933,20.818902834126483
1699625048.3855336,31,-172,44,192,190,32.631578947368425,-17.694360399947715
1699625048.3855336,32,24,43,204,206,30.097087378640783,2.548903494068427
1699625048.6773298,31,-180,41,205,201,30.84577114427861,-18.462668114186137
1699625048.6773298,32,29,41,218,219,28.310502283105027,3.078991167182793
1699625048.9894662,31,-157,42,207,212,29.24528301886793,-16.236070980753333
1699625048.9894662,32,66,41,237,238,26.05042016806723,6.979385101571969
1699625049.2737617,31,-91,41,200,218,28.44036697247707,-9.58066925009003
1699625049.2737617,32,145,40,261,260,23.84615384615385,15.053573641452305
1699625049.5014868,31,-62,40,203,226,27.433628318584073,-6.560196400571308
1699625049.5014868,32,188,37,281,277,22.382671480144406,19.224157790184744
1699625050.104751,31,34,37,227,259,23.938223938223942,3.6085517773185476
1699625052.9713676,34,-166,56,82,76,81.57894736842107,-17.11376786745745
1699625052.9713676,35,-252,55,93,79,78.48101265822785,-25.052296829400955
1699625053.3770347,34,-184,54,85,79,78.48101265822785,-18.84427644904627
1699625053.3770347,35,-273,53,96,83,74.6987951807229,-26.856330020488013
1699625053.7822158,34,-145,54,82,77,80.51948051948054,-15.053573641452305
1699625053.7822158,35,-232,54,94,82,75.60975609756099,-23.283301354636382
1699625054.1265209,35,-180,54,89,80,77.50000000000001,-18.462668114186137
1699625054.1265209,36,-271,52,97,85,72.94117647058825,-26.686905839741105
1699625054.4230056,34,-69,53,78,77,80.51948051948054,-7.293287078020637
1699625054.4230056,35,-152,53,87,81,76.54320987654322,-15.745027649154892
1699625054.4230056,36,-242,53,96,84,73.80952380952382,-24.17392734930822
1699625054.8785098,34,-69,52,81,81,76.54320987654322,-7.293287078020637
1699625054.8785098,36,-249,52,100,88,70.45454545454547,-24.790082554948466
1699625054.8785098,35,-155,52,90,83,74.6987951807229,-16.039943306049665
1699625055.3294642,34,-68,52,84,84,73.80952380952382,-7.188701044455634
1699625055.3294642,35,-158,51,94,87,71.26436781609196,-16.333988693792744
1699625055.3294642,36,-256,50,104,91,68.13186813186815,-25.400177603160106
1699625055.816457,34,-15,52,84,85,72.94117647058825,-1.593705304019792
1699625055.816457,35,-104,52,90,87,71.26436781609196,-10.918428084857842
1699625055.816457,36,-199,52,99,90,68.8888888888889,-20.25975423688004
1699625056.2445185,35,-103,53,94,90,68.8888888888889,-10.815931174266511
1699625056.2445185,34,-11,53,88,88,70.45454545454547,-1.1688565501000576
1699625056.2445185,36,-201,52,103,93,66.66666666666667,-20.44659105159719
1699625056.755432,34,-7,51,92,93,66.66666666666667,-0.74387920879624
1699625056.755432,35,-105,52,100,94,65.95744680851065,-11.02085430376855
1699625056.755432,36,-208,52,109,98,63.26530612244899,-21.096936185976894
1699625057.3108993,34,-28,51,97,98,63.26530612244899,-2.9730129222649775
1699625057.3108993,35,-131,51,108,102,60.78431372549021,-13.657275522629282
1699625057.3108993,36,-242,50,118,105,59.04761904761906,-24.17392734930822
1699625057.6838484,34,2,51,99,100,62.00000000000001,0.212547884480388
1699625057.6838484,36,-213,50,116,105,59.04761904761906,-21.558016806404698
1699625057.6838484,35,-103,51,107,102,60.78431372549021,-10.815931174266511
1699625058.0745761,34,18,50,103,104,59.61538461538463,1.9122294268504203
1699625058.0745761,35,-91,50,109,105,59.04761904761906,-9.58066925009003
1699625058.0745761,36,-204,50,119,109,56.88073394495414,-20.725995830978334
1699625058.5399673,34,23,49,110,109,56.88073394495414,2.4428306303611227
1699625058.5399673,35,-93,49,116,111,55.855855855855864,-9.787203664656111
1699625058.5399673,36,-212,48,125,115,53.913043478260875,-21.466032736430833
1699625058.953232,34,28,48,116,116,53.448275862068975,2.9730129222649775
1699625058.953232,36,-220,47,133,122,50.81967213114755,-22.198628437866404
1699625058.953232,35,-94,48,122,118,52.54237288135594,-9.890374977497379
1699625059.2318974,34,31,47,121,120,51.66666666666667,3.2908836860672923
1699625059.2318974,36,-225,46,138,125,49.60000000000001,-22.65266630670857
1699625059.2318974,35,-96,47,127,121,51.23966942148761,-10.096522770898641
1699625059.4976025,34,35,47,125,125,49.60000000000001,3.714392761786679
1699625059.4976025,36,-232,47,143,130,47.6923076923077,-23.283301354636382
1699625059.4976025,35,-97,48,132,126,49.206349206349216,-10.199498041433117
1699625059.7562234,35,-99,46,137,132,46.969696969696976,-10.40524832365576
1699625059.7562234,34,38,46,131,129,48.062015503875976,4.031760588950713
1699625059.7562234,36,-239,45,149,136,45.58823529411765,-23.90801879906859
1699625060.0182545,34,42,46,135,134,46.268656716417915,4.454529204005441
1699625060.0182545,35,-100,46,142,136,45.58823529411765,-10.508022140232413
1699625060.0182545,36,-245,44,153,140,44.28571428571429,-24.438732622188876
1699625060.2507863,34,46,44,141,139,44.6043165467626,4.87681235015335
1699625060.6033309,34,42,43,147,147,42.17687074829933,4.454529204005441
1699625060.6033309,35,-114,43,158,149,41.61073825503356,-11.939414178352928
1699625060.9389718,34,30,43,154,154,40.25974025974027,3.1849483278557194
1699625060.9389718,35,-135,42,168,159,38.99371069182391,-14.05798553291573
1699625061.226171,34,33,41,162,161,38.50931677018634,3.502686126728226
1699625061.226171,35,-140,42,176,166,37.34939759036145,-14.556902633910628
1699625061.500229,34,37,40,171,170,36.47058823529412,3.9259978795075465
1699625061.500229,35,-145,41,187,174,35.63218390804598,-15.053573641452305
1699625061.7554436,34,41,39,181,178,34.831460674157306,4.348880799665057
1699625061.7554436,35,-151,39,197,186,33.333333333333336,-15.64653107388349
1699625062.0694942,34,47,37,193,190,32.631578947368425,4.982302006398639
1699625062.0694942,35,-159,36,211,197,31.472081218274116,-16.431808422216594
1699625062.2756448,34,52,36,203,200,31.000000000000004,5.509228563623229
1699625062.2756448,35,-164,36,222,206,30.097087378640783,-16.91942262152814
1699625062.4954486,34,70,36,214,211,29.383886255924175,7.397824268101297
1699625062.4954486,35,-157,35,227,215,28.837209302325586,-16.236070980753333
1699625062.7117445,35,-126,36,225,217,28.571428571428577,-13.154470165334144
1699625062.7117445,34,109,37,227,220,28.181818181818187,11.429840684630294
1699625062.9332693,35,-83,34,225,221,28.05429864253394,-8.752064820144541
1699625062.9332693,34,159,34,247,234,26.4957264957265,16.431808422216594
1699625063.151348,35,-31,33,227,231,26.839826839826845,-3.2908836860672923
1699625063.3807807,36,-205,34,209,219,28.310502283105027,-20.818902834126483
1699625063.3807807,35,16,32,236,243,25.514403292181072,1.6998919335324794
1699625063.6142368,36,-211,32,219,232,26.724137931034488,-21.373932381663405
1699625063.6142368,35,21,30,251,257,24.124513618677046,2.2306353530719227
1699625063.8513765,35,27,29,271,278,22.3021582733813,2.8670143121816682
1699625064.0868874,36,-173,29,224,255,24.31372549019608,-17.790765425423544
1699625064.0868874,35,88,26,292,302,20.529801324503314,9.27039735856775
1699625064.2886274,36,-132,29,221,260,23.84615384615385,-13.757582401273247
1699625064.2886274,35,141,24,313,322,19.25465838509317,14.656418438272837
1699625064.5100598,36,-88,28,220,268,23.134328358208958,-9.27039735856775
1699625064.743209,36,-45,25,225,283,21.90812720848057,-4.771289540584061
1699625067.4634075,10,-260,52,94,83,74.6987951807229,-25.746063977885555
1699625067.778723,10,-226,53,91,82,75.60975609756099,-22.743116735138678
1699625068.134916,10,-190,52,88,81,76.54320987654322,-19.413444096195985
1699625068.5146897,10,-165,53,87,82,75.60975609756099,-17.016645682135483
1699625068.5146897,11,-258,53,99,86,72.09302325581396,-25.573370599428543
1699625068.8800786,10,-165,52,89,84,73.80952380952382,-17.016645682135483
1699625068.8800786,11,-260,52,100,89,69.66292134831461,-25.746063977885555
1699625069.372545,10,-79,52,83,81,76.54320987654322,-8.336352562554062
1699625069.372545,12,-261,54,98,88,70.45454545454547,-25.832223007136133
1699625069.372545,11,-167,54,91,84,73.80952380952382,-17.210788777144447
1699625069.7266483,11,-167,51,94,87,71.26436781609196,-17.210788777144447
1699625069.7266483,10,-77,50,85,84,73.80952380952382,-8.12816168126673
1699625069.7266483,12,-265,52,101,90,68.8888888888889,-26.17560536384905
1699625070.1580892,10,-77,50,89,88,70.45454545454547,-8.12816168126673
1699625070.1580892,11,-171,50,98,91,68.13186813186815,-17.597851763104355
1699625070.5983133,10,-58,50,90,90,68.8888888888889,-6.140301141305523
1699625070.5983133,11,-155,50,99,93,66.66666666666667,-16.039943306049665
1699625070.5983133,12,-257,50,106,95,65.26315789473685,-25.486836491547166
1699625070.8774905,10,-25,50,90,90,68.8888888888889,-2.6549588769771035
1699625070.8774905,12,-221,51,103,95,65.26315789473685,-22.28967336980535
1699625070.8774905,11,-121,50,96,93,66.66666666666667,-12.649593914834636
1699625071.271119,10,-22,49,94,94,65.95744680851065,-2.3367410088134952
1699625071.271119,11,-122,50,99,97,63.917525773195884,-12.75073169147278
1699625071.271119,12,-225,51,107,97,63.917525773195884,-22.65266630670857
1699625071.7127771,10,-20,49,99,100,62.00000000000001,-2.124514387441452
1699625071.7127771,11,-125,50,105,101,61.3861386138614,-13.053658498766145
1699625071.7127771,12,-233,51,112,103,60.194174757281566,-23.372910562377935
1699625072.0694432,10,-18,50,103,102,60.78431372549021,-1.9122294268504203
1699625072.0694432,11,-128,51,109,106,58.49056603773586,-13.355844454032088
1699625072.0694432,12,-240,51,117,107,57.94392523364487,-23.996777288565738
1699625072.378783,11,-131,51,113,110,56.363636363636374,-13.657275522629282
1699625072.378783,10,-17,49,107,108,57.40740740740742,-1.806066883527694
1699625072.378783,12,-248,51,121,112,55.35714285714287,-24.70243022777131
1699625072.7565598,10,-32,49,112,111,55.855855855855864,-3.3967965244928373
1699625072.7565598,11,-151,50,121,115,53.913043478260875,-15.64653107388349
1699625073.1833105,10,-38,47,118,117,52.991452991453,-4.031760588950713
1699625073.1833105,11,-164,49,128,121,51.23966942148761,-16.91942262152814
1699625073.4673917,10,-37,46,122,121,51.23966942148761,-3.9259978795075465
1699625073.4673917,11,-168,48,133,125,49.60000000000001,-17.307708014004547
1699625073.7892568,10,-36,45,128,127,48.81889763779528,-3.8202083666617566
1699625073.7892568,11,-173,47,139,131,47.328244274809165,-17.790765425423544
1699625074.129888,10,-35,45,134,134,46.268656716417915,-3.714392761786679
1699625074.129888,11,-179,46,147,138,44.92753623188406,-18.36699878105277
1699625074.4600487,10,-34,43,141,140,44.28571428571429,-3.6085517773185476
1699625074.4600487,11,-184,45,154,144,43.055555555555564,-18.84427644904627
1699625074.756894,10,-32,41,149,147,42.17687074829933,-3.3967965244928373
1699625074.756894,11,-190,44,162,152,40.789473684210535,-19.413444096195985
1699625075.0297241,10,-31,40,156,155,40.00000000000001,-3.2908836860672923
1699625075.0297241,11,-197,43,170,160,38.75000000000001,-20.07246656737335
1699625075.2975273,10,-30,39,164,161,38.50931677018634,-3.1849483278557194
1699625075.2975273,11,-204,42,177,166,37.34939759036145,-20.725995830978334
1699625075.5362728,10,-30,37,171,170,36.47058823529412,-3.1849483278557194
1699625075.5362728,11,-211,40,186,174,35.63218390804598,-21.373932381663405
1699625075.7602904,11,-219,38,194,182,34.06593406593407,-22.10746528048097
1699625075.7602904,10,-29,35,179,177,35.02824858757063,-3.078991167182793
1699625076.0110273,10,-11,34,187,183,33.879781420765035,-1.1688565501000576
1699625076.0110273,11,-209,37,196,188,32.97872340425533,-21.189383845645846
1699625076.2459574,11,-154,35,188,189,32.80423280423281,-15.9417342048233
1699625076.2459574,10,45,32,197,190,32.631578947368425,4.771289540584061
1699625076.4635093,11,-112,34,187,190,32.631578947368425,-11.735810008694882
1699625076.4635093,10,93,31,208,201,30.84577114427861,9.787203664656111
1699625076.6669621,11,-89,32,189,195,31.7948717948718,-9.373883203052992
1699625076.6669621,10,121,29,221,210,29.52380952380953,12.649593914834636
1699625076.8832018,11,-63,30,193,201,30.84577114427861,-6.665061502275082
1699625076.8832018,10,157,27,238,222,27.927927927927932,16.236070980753333
1699625077.1084754,11,-61,29,202,212,29.24528301886793,-6.455287136785497
1699625077.1084754,10,170,24,253,235,26.38297872340426,17.501239896274914
1699625077.3394988,11,-62,25,215,225,27.55555555555556,-6.560196400571308
1699625077.3394988,10,187,20,274,253,24.505928853754945,19.12935054867832
1699625077.5677269,11,-30,25,221,236,26.27118644067797,-3.1849483278557194
1699625077.8068004,12,-182,31,179,213,29.10798122065728,-18.653686782192963
1699625077.8068004,11,29,23,231,249,24.8995983935743,3.078991167182793
1699625078.047016,12,-134,30,173,215,28.837209302325586,-13.957937907080732
1699625078.047016,11,83,20,249,265,23.396226415094343,8.752064820144541
1699625078.2962234,12,-78,30,173,220,28.181818181818187,-8.232284483481385
1699625082.0228767,7,-109,53,75,73,84.93150684931508,-11.429840684630294
1699625082.0228767,8,-190,54,85,78,79.4871794871795,-19.413444096195985
1699625082.5565355,7,-110,53,78,77,80.51948051948054,-11.53190478481219
1699625082.5565355,8,-195,53,89,81,76.54320987654322,-19.884730425939498
1699625083.038743,7,-98,51,80,79,78.48101265822785,-10.302406758622741
1699625083.038743,8,-185,52,89,83,74.6987951807229,-18.939409542593506
1699625083.3767633,8,-119,52,84,81,76.54320987654322,-12.447078301350341
1699625083.6020997,7,-24,51,78,79,78.48101265822785,-2.548903494068427
1699625083.6020997,8,-108,52,84,81,76.54320987654322,-11.327703014829057
1699625083.6020997,9,-197,53,91,85,72.94117647058825,-20.07246656737335
1699625084.059544,7,-22,50,81,82,75.60975609756099,-2.3367410088134952
1699625084.059544,8,-110,51,87,86,72.09302325581396,-11.53190478481219
1699625084.059544,9,-202,52,96,88,70.45454545454547,-20.53983965738927
1699625084.441252,7,-19,49,84,85,72.94117647058825,-2.018378836856321
1699625084.441252,8,-110,50,91,89,69.66292134831461,-11.53190478481219
1699625084.441252,9,-206,51,99,91,68.13186813186815,-20.91169541023082
1699625084.873376,9,-169,51,97,91,68.13186813186815,-17.404525184005227
1699625084.873376,8,-73,50,90,90,68.8888888888889,-7.711136174370049
1699625084.873376,7,19,49,87,88,70.45454545454547,2.018378836856321
1699625084.873376,3,-272,52,102,93,66.66666666666667,-26.771681119286118
1699625085.2406738,8,-69,49,93,92,67.3913043478261,-7.293287078020637
1699625085.2406738,7,27,47,92,91,68.13186813186815,2.8670143121816682
1699625085.2406738,9,-167,50,99,95,65.26315789473685,-17.210788777144447
1699625085.5950735,8,-58,49,95,95,65.26315789473685,-6.140301141305523
1699625085.5950735,3,-267,52,108,98,63.26530612244899,-26.34654275119931
1699625085.5950735,9,-159,50,101,97,63.917525773195884,-16.431808422216594
1699625086.0533628,8,-28,48,97,98,63.26530612244899,-2.9730129222649775
1699625086.0533628,3,-238,51,106,99,62.62626262626264,-23.819138234278373
1699625086.0533628,9,-130,49,101,99,62.62626262626264,-13.55688323266358
1699625086.0533628,7,74,47,101,98,63.26530612244899,7.815471397254411
1699625086.4094193,9,-152,49,106,103,60.194174757281566,-15.745027649154892
1699625086.4094193,7,59,46,103,101,61.3861386138614,6.245338828597758
1699625086.4094193,3,-266,51,113,104,59.61538461538463,-26.26113696159187
1699625086.8080935,7,36,46,105,103,60.194174757281566,3.8202083666617566
1699625086.8080935,9,-185,49,115,109,56.88073394495414,-18.939409542593506
1699625086.8080935,8,-73,48,105,106,58.49056603773586,-7.711136174370049
1699625087.2164698,8,-81,47,111,111,55.855855855855864,-8.54432198150461
1699625087.2164698,7,33,46,109,108,57.40740740740742,3.502686126728226
1699625087.2164698,9,-197,49,120,112,55.35714285714287,-20.07246656737335
1699625087.574298,7,39,44,114,113,54.86725663716815,4.13749578470897
1699625087.574298,8,-80,46,116,115,53.913043478260875,-8.440365275506633
1699625087.574298,9,-202,48,126,118,52.54237288135594,-20.53983965738927
1699625087.8127506,8,-81,45,120,119,52.10084033613446,-8.54432198150461
1699625087.8127506,7,42,44,118,116,53.448275862068975,4.454529204005441
1699625087.8127506,9,-207,47,130,121,51.23966942148761,-21.00437328468872
1699625088.131494,7,46,43,123,121,51.23966942148761,4.87681235015335
1699625088.131494,8,-82,46,126,124,50.00000000000001,-8.648222041878432
1699625088.131494,9,-214,47,135,127,48.81889763779528,-21.649884338417362
1699625088.4171283,7,51,42,128,127,48.81889763779528,5.403915134496321
1699625088.4171283,9,-220,46,140,132,46.969696969696976,-22.198628437866404
1699625088.4171283,8,-83,44,130,129,48.062015503875976,-8.752064820144541
1699625088.7206483,8,-61,43,134,133,46.61654135338347,-6.455287136785497
1699625088.7206483,7,76,42,137,132,46.969696969696976,8.023984801010398
1699625088.7206483,9,-201,45,140,135,45.92592592592593,-20.44659105159719
1699625089.0023732,8,-40,43,136,136,45.58823529411765,-4.243202757619135
1699625089.0023732,7,103,40,143,137,45.25547445255475,10.815931174266511
1699625089.0023732,9,-181,45,141,137,45.25547445255475,-18.558230898863858
1699625089.2444918,8,-52,43,141,141,43.971631205673766,-5.509228563623229
1699625089.2444918,7,96,41,146,141,43.971631205673766,10.096522770898641
1699625089.2444918,9,-198,46,149,142,43.66197183098592,-20.16616661121554
1699625089.5274818,8,-72,44,146,146,42.46575342465754,-7.606749474630248
1699625089.5274818,7,80,41,148,144,43.055555555555564,8.440365275506633
1699625089.5274818,9,-225,45,156,147,42.17687074829933,-22.65266630670857
1699625089.7623541,7,66,40,149,147,42.17687074829933,6.979385101571969
1699625089.7623541,8,-90,43,153,150,41.33333333333334,-9.477307372980938
1699625090.0726726,7,47,40,152,152,40.789473684210535,4.982302006398639
1699625090.0726726,8,-116,41,161,157,39.490445859872615,-12.142712829376121
1699625090.367937,7,27,38,156,157,39.490445859872615,2.8670143121816682
1699625090.367937,8,-144,41,171,166,37.34939759036145,-14.95442198679177
1699625090.698117,7,26,37,165,165,37.57575757575758,2.7609960568462575
1699625091.083224,7,39,35,178,178,34.831460674157306,4.13749578470897
1699625091.453756,8,-114,37,196,192,32.29166666666667,-11.939414178352928
1699625091.453756,7,87,33,196,188,32.97872340425533,9.16685046013392
1699625091.7160408,8,-58,35,196,196,31.632653061224495,-6.140301141305523
1699625091.7160408,7,149,30,216,200,31.000000000000004,15.449253549730287
1699625091.9640718,9,-203,37,189,193,32.124352331606225,-20.632974678473587
1699625091.9640718,8,-3,33,200,202,30.6930693069307,-0.3188199986227441
1699625092.3090436,9,-213,34,202,206,30.097087378640783,-21.558016806404698
1699625092.3090436,8,1,29,218,219,28.310502283105027,0.1062743078657994
1699625092.5678532,9,-201,32,204,215,28.837209302325586,-20.44659105159719
1699625092.5678532,8,23,27,231,233,26.60944206008584,2.4428306303611227
1699625092.8091986,9,-146,31,198,219,28.310502283105027,-15.152633086342712
1699625092.8091986,8,84,25,250,249,24.8995983935743,8.855849682026259
1699625093.0864909,9,-88,30,197,225,27.55555555555556,-9.27039735856775
1699625093.0864909,8,152,22,278,269,23.048327137546472,15.745027649154892
1699625093.3089447,3,-219,38,159,198,31.31313131313132,-22.10746528048097
1699625093.3089447,9,-28,29,200,234,26.4957264957265,-2.9730129222649775
1699625093.530078,9,19,28,210,246,25.20325203252033,2.018378836856321
1699625097.1304114,32,-263,58,99,85,72.94117647058825,-26.004165161959694
1699625097.398172,33,-119,59,81,79,78.48101265822785,-12.447078301350341
1699625097.398172,32,-205,58,92,83,74.6987951807229,-20.818902834126483
1699625097.6596205,33,-86,59,79,77,80.51948051948054,-9.063243130687955
1699625097.6596205,31,-262,58,100,85,72.94117647058825,-25.91825677320866
1699625097.6596205,32,-170,59,89,81,76.54320987654322,-17.501239896274914
1699625098.1412256,33,-62,60,80,79,78.48101265822785,-6.560196400571308
1699625098.1412256,32,-147,60,89,82,75.60975609756099,-15.251599858657364
1699625098.1412256,31,-239,59,100,85,72.94117647058825,-23.90801879906859
1699625098.5296838,33,-79,60,82,82,75.60975609756099,-8.336352562554062
1699625098.5296838,32,-167,60,94,86,72.09302325581396,-17.210788777144447
1699625098.5296838,31,-265,59,105,90,68.8888888888889,-26.17560536384905
1699625098.8694584,32,-170,59,97,88,70.45454545454547,-17.501239896274914
1699625098.8694584,31,-269,58,108,93,66.66666666666667,-26.516976503255172
1699625099.2286797,31,-232,59,105,92,67.3913043478261,-23.283301354636382
1699625099.2286797,33,-43,59,84,85,72.94117647058825,-4.560147265001545
1699625099.2286797,32,-133,59,94,89,69.66292134831461,-13.857803363474689
1699625099.5174987,33,6,59,84,85,72.94117647058825,0.6376202550928943
1699625099.5174987,32,-83,59,90,87,71.26436781609196,-8.752064820144541
1699625099.5174987,31,-177,59,99,89,69.66292134831461,-18.175341896811013
1699625100.0280397,33,-12,58,87,89,69.66292134831461,-1.2750826169617748
1699625100.0280397,32,-104,57,96,91,68.13186813186815,-10.918428084857842
1699625100.0280397,31,-204,57,106,94,65.95744680851065,-20.725995830978334
1699625100.3849049,33,-8,56,90,92,67.3913043478261,-0.8501330454313055
1699625100.3849049,32,-105,55,99,95,65.26315789473685,-11.02085430376855
1699625100.3849049,31,-207,55,110,97,63.917525773195884,-21.00437328468872
1699625100.7569726,33,-6,56,93,95,65.26315789473685,-0.6376202550928943
1699625100.7569726,32,-106,56,103,98,63.26530612244899,-11.12320925012442
1699625100.7569726,31,-213,56,115,101,61.3861386138614,-21.558016806404698
1699625101.1414518,33,-3,57,98,99,62.62626262626264,-0.3188199986227441
1699625101.1414518,31,-218,56,120,105,59.04761904761906,-22.01618412969245
1699625101.1414518,32,-107,57,108,102,60.78431372549021,-11.225492345678969
1699625101.6219497,32,-110,56,114,108,57.40740740740742,-11.53190478481219
1699625101.6219497,33,0,56,103,106,58.49056603773586,0.0
1699625101.6219497,31,-228,55,127,111,55.855855855855864,-22.923658715156016
1699625102.1270993,32,-113,55,122,115,53.913043478260875,-11.837650005357451
1699625102.1270993,31,-239,54,135,119,52.10084033613446,-23.90801879906859
1699625102.5250254,33,8,55,116,118,52.54237288135594,0.8501330454313055
1699625102.5250254,32,-116,54,128,121,51.23966942148761,-12.142712829376121
1699625102.5250254,31,-249,53,143,125,49.60000000000001,-24.790082554948466
1699625102.8610508,32,-119,53,134,126,49.206349206349216,-12.447078301350341
1699625102.8610508,33,10,53,121,123,50.40650406504066,1.0626224461126088
1699625103.2672582,33,15,51,128,131,47.328244274809165,1.593705304019792
1699625103.2672582,32,-124,50,143,135,45.92592592592593,-12.952764513375518
1699625103.5920415,33,19,49,136,137,45.25547445255475,2.018378836856321
1699625103.5920415,32,-127,49,151,142,43.66197183098592,-13.255198990360212
1699625103.897844,33,23,50,142,144,43.055555555555564,2.4428306303611227
1699625103.897844,32,-131,49,159,149,41.61073825503356,-13.657275522629282
1699625104.2052104,33,26,50,149,151,41.05960264900663,2.7609960568462575
1699625104.2052104,32,-135,50,167,156,39.74358974358975,-14.05798553291573
1699625104.4605098,33,30,49,157,159,38.99371069182391,3.1849483278557194
1699625104.4605098,32,-139,48,175,164,37.804878048780495,-14.457296979738553
1699625104.7338176,33,34,48,165,165,37.57575757575758,3.6085517773185476
1699625104.7338176,32,-143,47,184,171,36.257309941520475,-14.855178588237854
1699625104.9993846,33,40,47,174,175,35.42857142857143,4.243202757619135
1699625104.9993846,32,-148,46,194,181,34.25414364640884,-15.350473498668093
1699625105.299367,33,92,49,185,182,34.06593406593407,9.683968218485054
1699625105.299367,32,-103,47,189,182,34.06593406593407,-10.815931174266511
1699625105.5663476,31,-227,46,192,181,34.25414364640884,-22.833447608379913
1699625105.5663476,32,-39,46,188,186,33.333333333333336,-4.13749578470897
1699625105.5663476,33,162,48,204,196,31.632653061224495,16.7246754916319
1699625105.7892983,31,-178,46,185,180,34.44444444444445,-18.27122325552057
1699625105.7892983,32,11,45,192,193,32.124352331606225,1.1688565501000576
1699625105.7892983,33,219,45,219,207,29.951690821256044,22.10746528048097
1699625106.032633,31,-127,44,178,181,34.25414364640884,-13.255198990360212
1699625106.032633,32,64,44,202,203,30.54187192118227,6.769881767673709
1699625106.3698452,31,-151,43,193,193,32.124352331606225,-15.64653107388349
1699625106.3698452,32,51,42,212,214,28.971962616822434,5.403915134496321
1699625106.6977313,31,-154,42,199,202,30.6930693069307,-15.9417342048233
1699625106.6977313,32,58,41,225,226,27.433628318584073,6.140301141305523
1699625107.0162477,31,-124,43,202,217,28.571428571428577,-12.952764513375518
1699625107.0162477,32,101,40,245,246,25.20325203252033,10.610727614582158
1699625107.2794874,31,-66,40,198,220,28.181818181818187,-6.979385101571969
1699625107.2794874,32,178,37,272,268,23.134328358208958,18.27122325552057
1699625107.5247035,31,-11,41,204,230,26.956521739130437,-1.1688565501000576
1699625107.850194,31,-7,38,221,250,24.800000000000004,-0.74387920879624
1699625108.148475,31,24,35,239,274,22.627737226277375,2.548903494068427
1699625110.965115,34,-165,54,81,76,81.57894736842107,-17.016645682135483
1699625110.965115,35,-251,54,93,80,77.50000000000001,-24.96501600045778
1699625111.2172496,34,-133,54,80,75,82.66666666666669,-13.857803363474689
1699625111.2172496,35,-217,54,90,80,77.50000000000001,-21.92478522054117
1699625111.616303,34,-104,54,78,76,81.57894736842107,-10.918428084857842
1699625111.616303,35,-187,53,88,79,78.48101265822785,-19.12935054867832
1699625112.1219172,34,-99,53,81,79,78.48101265822785,-10.40524832365576
1699625112.1219172,35,-185,53,92,82,75.60975609756099,-18.939409542593506
1699625112.491867,34,-53,52,78,79,78.48101265822785,-5.614504665163061
1699625112.491867,35,-137,53,88,80,77.50000000000001,-14.257818049510549
1699625112.491867,36,-227,51,96,85,72.94117647058825,-22.833447608379913
1699625112.9154,34,-46,51,82,81,76.54320987654322,-4.87681235015335
1699625112.9154,36,-225,51,98,87,71.26436781609196,-22.65266630670857
1699625113.5560958,35,-96,54,90,86,72.09302325581396,-10.096522770898641
1699625113.5560958,36,-189,53,98,90,68.8888888888889,-19.318855748568993
1699625114.022219,34,-4,54,88,88,70.45454545454547,-0.425089919132221
1699625114.022219,35,-97,54,94,90,68.8888888888889,-10.199498041433117
1699625114.022219,36,-195,53,103,94,65.95744680851065,-19.884730425939498
1699625114.533587,34,-1,51,92,93,66.66666666666667,-0.1062743078657994
1699625114.533587,35,-99,51,100,95,65.26315789473685,-10.40524832365576
1699625114.533587,36,-202,51,109,99,62.62626262626264,-20.53983965738927
1699625114.947965,34,-15,51,96,97,63.917525773195884,-1.593705304019792
1699625114.947965,35,-118,51,105,99,62.62626262626264,-12.345701541512671
1699625114.947965,36,-226,51,115,104,59.61538461538463,-22.743116735138678
1699625115.4388258,34,13,51,99,100,62.00000000000001,1.3812999174368017
1699625115.4388258,36,-201,50,114,105,59.04761904761906,-20.44659105159719
1699625115.4388258,35,-92,50,105,101,61.3861386138614,-9.683968218485054
1699625115.8066063,34,26,49,104,104,59.61538461538463,2.7609960568462575
1699625115.8066063,35,-84,48,109,105,59.04761904761906,-8.855849682026259
1699625115.8066063,36,-195,48,118,109,56.88073394495414,-19.884730425939498
1699625116.2130473,34,30,48,109,109,56.88073394495414,3.1849483278557194
1699625116.2130473,35,-84,48,114,110,56.363636363636374,-8.855849682026259
1699625116.2130473,36,-202,48,123,114,54.38596491228071,-20.53983965738927
1699625116.5777292,35,-85,48,120,116,53.448275862068975,-8.959575995474442
1699625116.5777292,34,35,48,114,113,54.86725663716815,3.714392761786679
1699625116.5777292,36,-208,47,129,119,52.10084033613446,-21.096936185976894
1699625116.9774675,34,20,48,118,119,52.10084033613446,2.124514387441452
1699625116.9774675,35,-106,49,128,122,50.81967213114755,-11.12320925012442
1699625116.9774675,36,-237,48,139,126,49.206349206349216,-23.73013577082146
1699625117.2623892,34,17,48,123,123,50.40650406504066,1.806066883527694
1699625117.2623892,35,-114,49,133,126,49.206349206349216,-11.939414178352928
1699625117.2623892,36,-249,48,144,130,47.6923076923077,-24.790082554948466
1699625117.5994608,34,21,47,129,130,47.6923076923077,2.2306353530719227
1699625117.5994608,35,-116,47,139,131,47.328244274809165,-12.142712829376121
1699625117.961532,34,26,45,136,136,45.58823529411765,2.7609960568462575
1699625117.961532,35,-119,45,146,139,44.6043165467626,-12.447078301350341
1699625118.3330445,34,29,44,145,144,43.055555555555564,3.078991167182793
1699625118.3330445,35,-125,44,157,148,41.891891891891895,-13.053658498766145
1699625118.6849203,34,34,41,155,153,40.52287581699347,3.6085517773185476
1699625118.6849203,35,-130,42,167,158,39.24050632911393,-13.55688323266358
1699625118.9557815,34,39,40,162,161,38.50931677018634,4.13749578470897
1699625118.9557815,35,-133,40,174,165,37.57575757575758,-13.857803363474689
1699625119.240999,34,44,39,172,171,36.257309941520475,4.665734278244758
1699625119.240999,35,-139,39,185,175,35.42857142857143,-14.457296979738553
1699625119.5610557,34,50,39,184,182,34.06593406593407,5.298565069899935
1699625119.5610557,35,-145,38,198,187,33.15508021390375,-15.053573641452305
1699625119.8162425,34,56,37,194,192,32.29166666666667,5.93010210572097
1699625120.1327775,34,66,38,210,206,30.097087378640783,6.979385101571969
1699625120.1327775,35,-156,38,223,210,29.52380952380953,-16.138055708620733
1699625120.3718035,35,-128,37,223,215,28.837209302325586,-13.355844454032088
1699625120.3718035,34,104,38,224,218,28.44036697247707,10.918428084857842
1699625120.63669,35,-88,36,225,221,28.05429864253394,-9.27039735856775
1699625120.63669,34,154,36,242,233,26.60944206008584,15.9417342048233
1699625120.8501363,35,-48,35,228,230,26.956521739130437,-5.0877578101051295
1699625121.1566806,35,-4,33,242,248,25.000000000000004,-0.425089919132221
1699625121.4005518,35,-2,30,260,265,23.396226415094343,-0.212547884480388
1699625121.6330676,35,10,27,277,284,21.83098591549296,1.0626224461126088
1699625121.8988245,36,-177,27,227,261,23.754789272030656,-18.175341896811013
1699625121.8988245,35,90,23,302,312,19.871794871794876,9.477307372980938
1699625122.1219778,36,-125,26,223,267,23.220973782771537,-13.053658498766145
1699625122.1219778,35,156,21,329,335,18.507462686567166,16.138055708620733
1699625122.3390033,36,-74,25,221,276,22.46376811594203,-7.815471397254411
1699625125.1803794,10,-263,52,94,82,75.60975609756099,-26.004165161959694
1699625125.8035316,10,-201,52,89,81,76.54320987654322,-20.44659105159719
1699625126.5876703,10,-116,53,83,80,77.50000000000001,-12.142712829376121
1699625126.5876703,11,-203,53,92,83,74.6987951807229,-20.632974678473587
1699625126.9103274,11,-205,53,96,86,72.09302325581396,-20.818902834126483
1699625127.34357,10,-93,52,86,84,73.80952380952382,-9.787203664656111
1699625127.34357,11,-184,52,95,87,71.26436781609196,-18.84427644904627
1699625127.652002,10,-60,50,85,85,72.94117647058825,-6.350334386893197
1699625127.652002,12,-246,52,99,89,69.66292134831461,-24.526755108495042
1699625127.652002,11,-150,52,92,87,71.26436781609196,-15.547939558288776
1699625128.1212451,10,-59,50,88,88,70.45454545454547,-6.245338828597758
1699625128.1212451,11,-154,51,97,92,67.3913043478261,-15.9417342048233
1699625128.1212451,12,-254,51,105,93,66.66666666666667,-25.226485996516757
1699625128.457566,10,-59,49,91,91,68.13186813186815,-6.245338828597758
1699625128.457566,11,-156,50,100,94,65.95744680851065,-16.138055708620733
1699625128.457566,12,-259,50,108,97,63.917525773195884,-25.659779802199026
1699625128.8067188,10,-58,49,94,95,65.26315789473685,-6.140301141305523
1699625128.8067188,11,-159,51,104,98,63.26530612244899,-16.431808422216594
1699625128.8067188,12,-266,51,110,100,62.00000000000001,-26.26113696159187
1699625129.1807485,10,-58,50,99,98,63.26530612244899,-6.140301141305523
1699625129.1807485,11,-163,51,109,102,60.78431372549021,-16.822099089140682
1699625129.594732,10,-57,48,103,103,60.194174757281566,-6.03522200610085
1699625129.594732,11,-167,50,114,107,57.94392523364487,-17.210788777144447
1699625129.9596632,10,-27,49,106,106,58.49056603773586,-2.8670143121816682
1699625129.9596632,11,-139,50,112,108,57.40740740740742,-14.457296979738553
1699625129.9596632,12,-255,51,120,110,56.363636363636374,-25.313394061515783
1699625130.2714748,10,-15,49,109,108,57.40740740740742,-1.593705304019792
1699625130.2714748,12,-247,51,122,112,55.35714285714287,-24.614654361779593
1699625130.2714748,11,-130,50,115,110,56.363636363636374,-13.55688323266358
1699625130.6908865,10,-13,48,115,114,54.38596491228071,-1.3812999174368017
1699625130.6908865,11,-134,49,121,117,52.991452991453,-13.957937907080732
1699625130.6908865,12,-258,49,127,117,52.991452991453,-25.573370599428543
1699625131.0348294,10,-11,46,120,119,52.10084033613446,-1.1688565501000576
1699625131.0348294,11,-138,48,127,122,50.81967213114755,-14.357601956885965
1699625131.3727765,10,-9,46,126,126,49.206349206349216,-0.9563810345917811
1699625131.3727765,11,-142,48,132,128,48.43750000000001,-14.755843914731853
1699625131.690684,10,-9,45,132,130,47.6923076923077,-0.9563810345917811
1699625131.690684,11,-148,47,140,134,46.268656716417915,-15.350473498668093
1699625132.037056,10,-25,45,138,136,45.58823529411765,-2.6549588769771035
1699625132.037056,11,-172,46,149,141,43.971631205673766,-17.694360399947715
1699625132.3517914,10,-28,43,144,143,43.35664335664336,-2.9730129222649775
1699625132.3517914,11,-182,45,156,147,42.17687074829933,-18.653686782192963
1699625132.6815495,10,-29,41,152,151,41.05960264900663,-3.078991167182793
1699625132.6815495,11,-192,44,166,156,39.74358974358975,-19.602290664374493
1699625132.9498155,10,-38,40,158,156,39.74358974358975,-4.031760588950713
1699625132.9498155,11,-207,42,174,162,38.27160493827161,-21.00437328468872
1699625133.2212014,10,-48,38,167,164,37.804878048780495,-5.0877578101051295
1699625133.2212014,11,-223,39,182,169,36.68639053254439,-22.47140764411092
1699625133.476713,11,-230,38,188,177,35.02824858757063,-23.103720798874804
1699625133.476713,10,-47,36,174,171,36.257309941520475,-4.982302006398639
1699625133.7539384,10,-27,36,180,178,34.831460674157306,-2.8670143121816682
1699625133.7539384,11,-219,37,192,183,33.879781420765035,-22.10746528048097
1699625133.9727798,11,-173,36,185,182,34.06593406593407,-17.790765425423544
1699625133.9727798,10,20,33,184,181,34.25414364640884,2.124514387441452
1699625134.1910193,11,-136,35,183,183,33.879781420765035,-14.157945744790373
1699625134.1910193,10,59,32,193,187,33.15508021390375,6.245338828597758
1699625134.4170032,11,-140,33,193,192,32.29166666666667,-14.556902633910628
1699625134.4170032,10,65,30,203,197,31.472081218274116,6.874656524321
1699625134.646241,11,-139,31,200,202,30.6930693069307,-14.457296979738553
1699625134.646241,10,77,28,217,210,29.52380952380953,8.12816168126673
1699625134.8660297,11,-98,29,199,205,30.243902439024396,-10.302406758622741
1699625134.8660297,10,125,26,234,223,27.802690582959645,13.053658498766145
1699625135.0884912,11,-48,29,200,212,29.24528301886793,-5.0877578101051295
1699625135.0884912,10,183,24,259,238,26.05042016806723,18.74903541444329
1699625135.3121018,11,1,28,205,221,28.05429864253394,0.1062743078657994
1699625135.5899954,12,-133,35,164,198,31.31313131313132,-13.857803363474689
1699625135.5899954,11,65,27,221,235,26.38297872340426,6.874656524321
1699625135.8517215,12,-131,33,171,207,29.951690821256044,-13.657275522629282
1699625135.8517215,11,79,25,236,252,24.603174603174608,8.336352562554062
1699625136.113536,12,-136,31,181,222,27.927927927927932,-14.157945744790373
1699625136.113536,11,91,21,257,274,22.627737226277375,9.58066925009003
1699625136.337814,12,-97,31,180,228,27.192982456140356,-10.199498041433117
1699625136.337814,11,140,19,283,294,21.088435374149665,14.556902633910628
1699625136.6255586,12,-32,29,184,237,26.16033755274262,-3.3967965244928373
1699625139.3014421,7,-256,53,90,80,77.50000000000001,-25.400177603160106
1699625139.7994251,7,-169,53,80,76,81.57894736842107,-17.404525184005227
1699625139.7994251,8,-256,53,92,81,76.54320987654322,-25.400177603160106
1699625140.2657351,7,-101,52,76,75,82.66666666666669,-10.610727614582158
1699625140.2657351,8,-183,53,85,79,78.48101265822785,-18.74903541444329
1699625140.2657351,9,-272,53,94,83,74.6987951807229,-26.771681119286118
1699625140.6928647,7,-100,51,78,76,81.57894736842107,-10.508022140232413
1699625140.6928647,8,-185,51,88,81,76.54320987654322,-18.939409542593506
1699625141.1148684,7,-63,51,77,78,79.4871794871795,-6.665061502275082
1699625141.1148684,8,-146,51,86,81,76.54320987654322,-15.152633086342712
1699625141.5201895,8,-107,52,83,81,76.54320987654322,-11.225492345678969
1699625141.5201895,7,-23,51,77,79,78.48101265822785,-2.4428306303611227
1699625141.5201895,9,-195,53,91,84,73.80952380952382,-19.884730425939498
1699625141.9069955,7,-10,51,80,81,76.54320987654322,-1.0626224461126088
1699625141.9069955,8,-96,52,85,83,74.6987951807229,-10.096522770898641
1699625141.9069955,9,-186,54,93,86,72.09302325581396,-19.034434354835188
1699625142.3344328,7,-7,50,83,84,73.80952380952382,-0.74387920879624
1699625142.3344328,8,-96,51,88,87,71.26436781609196,-10.096522770898641
1699625142.3344328,9,-190,52,97,89,69.66292134831461,-19.413444096195985
1699625142.7883427,7,-5,50,88,88,70.45454545454547,-0.5313569149387267
1699625142.7883427,8,-99,51,93,90,68.8888888888889,-10.40524832365576
1699625142.7883427,9,-196,52,100,94,65.95744680851065,-19.978654404768985
1699625143.2531414,7,2,48,92,91,68.13186813186815,0.212547884480388
1699625143.2531414,8,-96,49,96,95,65.26315789473685,-10.096522770898641
1699625143.2531414,9,-198,50,105,97,63.917525773195884,-20.16616661121554
1699625143.7018359,8,-61,48,97,97,63.917525773195884,-6.455287136785497
1699625143.7018359,9,-163,49,103,99,62.62626262626264,-16.822099089140682
1699625143.7018359,7,39,47,97,96,64.58333333333334,4.13749578470897
1699625144.0859332,8,-60,47,101,102,60.78431372549021,-6.350334386893197
1699625144.0859332,7,45,46,101,100,62.00000000000001,4.771289540584061
1699625144.0859332,9,-166,48,108,103,60.194174757281566,-17.11376786745745
1699625144.4600563,7,50,46,106,104,59.61538461538463,5.298565069899935
1699625144.4600563,8,-59,47,106,106,58.49056603773586,-6.245338828597758
1699625144.4600563,9,-170,49,112,108,57.40740740740742,-17.501239896274914
1699625144.8233757,8,-58,47,111,110,56.363636363636374,-6.140301141305523
1699625144.8233757,7,56,45,111,109,56.88073394495414,5.93010210572097
1699625144.8233757,9,-173,48,116,111,55.855855855855864,-17.790765425423544
1699625145.1168435,8,-58,47,115,114,54.38596491228071,-6.140301141305523
1699625145.1168435,9,-178,48,121,117,52.991452991453,-18.27122325552057
1699625145.1168435,7,61,45,116,114,54.38596491228071,6.455287136785497
1699625145.4535754,8,-58,47,119,120,51.66666666666667,-6.140301141305523
1699625145.4535754,9,-183,48,126,121,51.23966942148761,-18.74903541444329
1699625145.4535754,7,66,45,120,118,52.54237288135594,6.979385101571969
1699625145.742383,7,67,43,125,123,50.40650406504066,7.084066830606971
1699625145.742383,8,-61,45,124,125,49.60000000000001,-6.455287136785497
1699625145.742383,9,-192,47,132,126,49.206349206349216,-19.602290664374493
1699625146.0270162,7,57,43,128,127,48.81889763779528,6.03522200610085
1699625146.0270162,8,-77,45,130,130,47.6923076923077,-8.12816168126673
1699625146.0270162,9,-213,47,140,132,46.969696969696976,-21.558016806404698
1699625146.30909,7,50,43,132,130,47.6923076923077,5.298565069899935
1699625146.30909,8,-88,45,135,133,46.61654135338347,-9.27039735856775
1699625146.30909,9,-230,46,146,137,45.25547445255475,-23.103720798874804
1699625146.5977767,8,-90,44,141,139,44.6043165467626,-9.477307372980938
1699625146.5977767,7,55,42,138,136,45.58823529411765,5.824942124530689
1699625146.5977767,9,-237,45,152,143,43.35664335664336,-23.73013577082146
1699625146.8532119,7,58,40,143,141,43.971631205673766,6.140301141305523
1699625146.8532119,8,-92,42,147,145,42.75862068965518,-9.683968218485054
1699625146.8532119,9,-244,44,156,148,41.891891891891895,-24.350587059891964
1699625147.0899303,8,-94,41,154,151,41.05960264900663,-9.890374977497379
1699625147.0899303,7,63,39,150,148,41.891891891891895,6.665061502275082
1699625147.4004333,7,61,37,158,155,40.00000000000001,6.455287136785497
1699625147.4004333,8,-104,40,162,158,39.24050632911393,-10.918428084857842
1699625147.690527,7,50,38,162,159,38.99371069182391,5.298565069899935
1699625147.690527,8,-122,40,169,166,37.34939759036145,-12.75073169147278
1699625148.0351887,7,58,36,172,168,36.90476190476191,6.140301141305523
1699625148.3949013,7,67,35,186,183,33.879781420765035,7.084066830606971
1699625148.3949013,8,-131,38,195,190,32.631578947368425,-13.657275522629282
1699625148.6555526,7,73,33,197,193,32.124352331606225,7.711136174370049
1699625148.6555526,8,-135,37,205,200,31.000000000000004,-14.05798553291573
1699625148.9314222,8,-85,34,205,203,30.54187192118227,-8.959575995474442
1699625148.9314222,7,129,30,216,203,30.54187192118227,13.456406039455286
1699625149.1937654,8,-29,31,207,207,29.951690821256044,-3.078991167182793
1699625149.1937654,7,194,26,238,217,28.571428571428577,19.79069493654738
1699625149.4136412,9,-185,34,190,201,30.84577114427861,-18.939409542593506
1699625149.4136412,8,23,30,213,215,28.837209302325586,2.4428306303611227
1699625149.6611474,9,-128,33,184,203,30.54187192118227,-13.355844454032088
1699625149.6611474,8,85,28,230,229,27.074235807860266,8.959575995474442
1699625149.9016557,9,-128,31,193,213,29.10798122065728,-13.355844454032088
1699625149.9016557,8,99,25,245,246,25.20325203252033,10.40524832365576
1699625150.131282,9,-132,30,203,226,27.433628318584073,-13.757582401273247
1699625150.131282,8,108,23,264,262,23.664122137404583,11.327703014829057
1699625150.3632677,9,-93,29,206,235,26.38297872340426,-9.787203664656111
1699625150.3632677,8,159,21,294,283,21.90812720848057,16.431808422216594
1699625150.6004071,3,-238,38,165,206,30.097087378640783,-23.819138234278373
1699625150.6004071,9,-39,28,208,243,25.514403292181072,-4.13749578470897
1699625153.3095255,33,-255,59,92,81,76.54320987654322,-25.313394061515783
1699625153.6967964,33,-212,59,87,80,77.50000000000001,-21.466032736430833
1699625154.1133618,33,-169,59,85,79,78.48101265822785,-17.404525184005227
1699625154.1133618,32,-258,59,98,84,73.80952380952382,-25.573370599428543
1699625154.4193988,33,-136,60,82,79,78.48101265822785,-14.157945744790373
1699625154.4193988,32,-225,59,95,83,74.6987951807229,-22.65266630670857
1699625154.8002412,33,-96,59,80,79,78.48101265822785,-10.096522770898641
1699625154.8002412,32,-182,60,92,84,73.80952380952382,-18.653686782192963
1699625155.2281942,33,-62,59,79,79,78.48101265822785,-6.560196400571308
1699625155.2281942,31,-239,58,100,86,72.09302325581396,-23.90801879906859
1699625155.7351322,33,-61,59,82,84,73.80952380952382,-6.455287136785497
1699625155.7351322,31,-247,57,104,90,68.8888888888889,-24.614654361779593
1699625155.7351322,32,-150,57,94,87,71.26436781609196,-15.547939558288776
1699625156.1365855,33,-61,58,86,86,72.09302325581396,-6.455287136785497
1699625156.1365855,32,-153,58,97,89,69.66292134831461,-15.843428839849183
1699625156.1365855,31,-253,57,108,93,66.66666666666667,-25.139453540730653
1699625156.557445,33,-26,58,87,88,70.45454545454547,-2.7609960568462575
1699625156.557445,32,-119,57,95,91,68.13186813186815,-12.447078301350341
1699625156.557445,31,-219,57,107,94,65.95744680851065,-22.10746528048097
1699625156.8760524,31,-199,57,106,95,65.26315789473685,-20.25975423688004
1699625157.3122187,32,-100,58,101,96,64.58333333333334,-10.508022140232413
1699625157.3122187,33,-2,58,93,94,65.95744680851065,-0.212547884480388
1699625157.3122187,31,-204,57,112,99,62.62626262626264,-20.725995830978334
1699625157.7674024,33,2,58,96,98,63.26530612244899,0.212547884480388
1699625157.7674024,31,-211,57,118,104,59.61538461538463,-21.373932381663405
1699625158.3033407,31,-221,54,126,111,55.855855855855864,-22.28967336980535
1699625158.3033407,32,-105,55,113,108,57.40740740740742,-11.02085430376855
1699625158.8074353,32,-107,53,120,115,53.913043478260875,-11.225492345678969
1699625158.8074353,31,-232,53,133,118,52.54237288135594,-23.283301354636382
1699625159.1725023,33,13,53,114,116,53.448275862068975,1.3812999174368017
1699625159.1725023,31,-239,54,140,126,49.206349206349216,-23.90801879906859
1699625159.1725023,32,-110,52,125,119,52.10084033613446,-11.53190478481219
1699625160.0194905,33,23,52,130,131,47.328244274809165,2.4428306303611227
1699625160.0194905,32,-116,52,142,135,45.92592592592593,-12.142712829376121
1699625160.3651612,33,27,52,136,137,45.25547445255475,2.8670143121816682
1699625160.3651612,32,-119,52,150,142,43.66197183098592,-12.447078301350341
1699625160.7076485,33,32,51,144,146,42.46575342465754,3.3967965244928373
1699625160.7076485,32,-123,50,160,151,41.05960264900663,-12.851788734777642
1699625161.020614,32,-127,50,168,158,39.24050632911393,-13.255198990360212
1699625161.020614,33,36,50,152,153,40.52287581699347,3.8202083666617566
1699625161.3615801,33,41,48,162,163,38.036809815950924,4.348880799665057
1699625161.3615801,32,-133,47,179,168,36.90476190476191,-13.857803363474689
1699625161.6410198,33,46,46,171,173,35.83815028901735,4.87681235015335
1699625161.6410198,32,-139,45,191,178,34.831460674157306,-14.457296979738553
1699625161.8993657,33,85,46,182,178,34.831460674157306,8.959575995474442
1699625161.8993657,32,-108,45,189,180,34.44444444444445,-11.327703014829057
1699625162.1618822,32,-58,44,187,183,33.879781420765035,-6.140301141305523
1699625162.1618822,33,140,46,196,190,32.631578947368425,14.556902633910628
1699625162.3941941,31,-211,44,192,182,34.06593406593407,-21.373932381663405
1699625162.3941941,32,-22,44,192,190,32.631578947368425,-2.3367410088134952
1699625162.3941941,33,185,45,211,203,30.54187192118227,18.939409542593506
1699625162.6352556,31,-188,44,192,188,32.97872340425533,-19.224157790184744
1699625162.6352556,32,5,43,198,199,31.155778894472366,0.5313569149387267
1699625163.0152044,31,-186,43,206,202,30.6930693069307,-19.034434354835188
1699625163.0152044,32,22,42,217,218,28.44036697247707,2.3367410088134952
1699625163.3146875,31,-179,41,211,213,29.10798122065728,-18.36699878105277
1699625163.3146875,32,43,40,233,234,26.4957264957265,4.560147265001545
1699625163.6704168,31,-105,41,204,218,28.44036697247707,-11.02085430376855
1699625163.6704168,32,132,38,260,259,23.938223938223942,13.757582401273247
1699625163.900676,31,-50,39,201,227,27.31277533039648,-5.298565069899935
1699625163.900676,32,200,36,278,278,22.3021582733813,20.35322914806883
1699625164.1461718,31,9,38,210,238,26.05042016806723,0.9563810345917811
1699625164.4575872,31,31,36,226,257,24.124513618677046,3.2908836860672923
1699625167.7107475,35,-180,54,86,77,80.51948051948054,-18.462668114186137
1699625167.7107475,36,-268,53,94,81,76.54320987654322,-26.43182263135065
1699625167.987884,34,-93,54,77,75,82.66666666666669,-9.787203664656111
1699625167.987884,35,-174,54,86,78,79.4871794871795,-17.887066461315495
1699625167.987884,36,-263,53,96,82,75.60975609756099,-26.004165161959694
1699625168.4588156,34,-94,53,80,78,79.4871794871795,-9.890374977497379
1699625168.4588156,35,-179,52,90,81,76.54320987654322,-18.36699878105277
1699625168.4588156,36,-272,51,99,86,72.09302325581396,-26.771681119286118
1699625168.8975527,34,-82,53,80,80,77.50000000000001,-8.648222041878432
1699625168.8975527,35,-169,52,92,84,73.80952380952382,-17.404525184005227
1699625168.8975527,36,-264,51,101,88,70.45454545454547,-26.089948061833176
1699625169.1833136,34,-46,53,79,80,77.50000000000001,-4.87681235015335
1699625169.1833136,35,-131,53,88,82,75.60975609756099,-13.657275522629282
1699625169.7645519,36,-221,52,101,91,68.13186813186815,-22.28967336980535
1699625169.7645519,35,-125,52,92,87,71.26436781609196,-13.053658498766145
1699625170.4911933,35,-102,51,95,91,68.13186813186815,-10.713364155480653
1699625170.4911933,34,-8,51,88,89,69.66292134831461,-0.8501330454313055
1699625170.4911933,36,-201,50,103,98,63.26530612244899,-20.44659105159719
1699625170.8520486,34,29,52,90,91,68.13186813186815,3.078991167182793
1699625170.8520486,35,-66,52,94,91,68.13186813186815,-6.979385101571969
1699625170.8520486,28,-263,52,101,95,65.26315789473685,-26.004165161959694
1699625170.8520486,36,-163,52,101,93,66.66666666666667,-16.822099089140682
1699625171.307621,34,8,53,94,94,65.95744680851065,0.8501330454313055
1699625171.307621,35,-91,53,100,96,64.58333333333334,-9.58066925009003
1699625171.9107895,34,-9,51,98,99,62.62626262626264,-0.9563810345917811
1699625171.9107895,35,-113,51,106,101,61.3861386138614,-11.837650005357451
1699625172.4568334,34,23,50,103,104,59.61538461538463,2.4428306303611227
1699625172.4568334,35,-85,50,108,105,59.04761904761906,-8.959575995474442
1699625172.4568334,36,-197,50,117,108,57.40740740740742,-20.07246656737335
1699625172.8786542,35,-86,49,113,110,56.363636363636374,-9.063243130687955
1699625172.8786542,34,29,49,108,108,57.40740740740742,3.078991167182793
1699625172.8786542,36,-203,48,123,113,54.86725663716815,-20.632974678473587
1699625173.306252,34,32,48,115,115,53.913043478260875,3.3967965244928373
1699625173.306252,35,-88,49,120,116,53.448275862068975,-9.27039735856775
1699625173.306252,36,-212,48,130,119,52.10084033613446,-21.466032736430833
1699625173.773893,34,16,47,120,120,51.66666666666667,1.6998919335324794
1699625173.773893,36,-244,46,141,127,48.81889763779528,-24.350587059891964
1699625173.773893,35,-112,47,129,124,50.00000000000001,-11.735810008694882
1699625174.0960307,34,20,46,125,124,50.00000000000001,2.124514387441452
1699625174.0960307,36,-250,45,145,132,46.969696969696976,-24.877611194528516
1699625174.0960307,35,-113,46,134,127,48.81889763779528,-11.837650005357451
1699625174.3757298,34,23,46,130,130,47.6923076923077,2.4428306303611227
1699625174.3757298,35,-116,46,141,133,46.61654135338347,-12.142712829376121
1699625174.6836615,34,26,46,137,136,45.58823529411765,2.7609960568462575
1699625174.6836615,35,-119,46,148,140,44.28571428571429,-12.447078301350341
1699625175.0594044,34,27,45,138,138,44.92753623188406,2.8670143121816682
1699625175.0594044,35,-121,45,149,141,43.971631205673766,-12.649593914834636
1699625175.3370733,34,27,45,138,138,44.92753623188406,2.8670143121816682
1699625175.3370733,35,-121,45,149,142,43.66197183098592,-12.649593914834636
1699625175.6858444,34,27,45,138,138,44.92753623188406,2.8670143121816682
1699625175.6858444,35,-121,45,149,142,43.66197183098592,-12.649593914834636
1699625175.957406,34,27,45,138,138,44.92753623188406,2.8670143121816682
1699625175.957406,35,-121,45,149,141,43.971631205673766,-12.649593914834636
1699625176.2441158,34,27,45,138,138,44.92753623188406,2.8670143121816682
1699625176.2441158,35,-120,45,148,141,43.971631205673766,-12.5483759390987
1699625176.5802479,34,27,45,138,138,44.92753623188406,2.8670143121816682
1699625176.5802479,35,-120,45,148,141,43.971631205673766,-12.5483759390987
1699625176.870542,34,27,45,138,138,44.92753623188406,2.8670143121816682
1699625176.870542,35,-121,45,149,142,43.66197183098592,-12.649593914834636
1699625177.1330416,34,27,44,138,139,44.6043165467626,2.8670143121816682
1699625177.1330416,35,-121,45,149,141,43.971631205673766,-12.649593914834636
1699625177.4865072,35,-120,45,150,141,43.971631205673766,-12.5483759390987
1699625177.4865072,34,27,44,138,139,44.6043165467626,2.8670143121816682
1699625177.8307838,34,27,45,138,138,44.92753623188406,2.8670143121816682
1699625177.8307838,35,-121,46,149,140,44.28571428571429,-12.649593914834636
1699625178.1539292,34,27,45,138,138,44.92753623188406,2.8670143121816682
1699625178.1539292,35,-121,45,149,141,43.971631205673766,-12.649593914834636
1699625178.4397402,34,27,45,138,138,44.92753623188406,2.8670143121816682
1699625178.4397402,35,-121,45,149,141,43.971631205673766,-12.649593914834636
1699625178.7136338,35,-121,45,149,141,43.971631205673766,-12.649593914834636
1699625178.7136338,34,27,45,138,138,44.92753623188406,2.8670143121816682
1699625179.0800517,34,27,45,138,138,44.92753623188406,2.8670143121816682
1699625179.0800517,35,-120,45,150,141,43.971631205673766,-12.5483759390987
1699625179.403134,34,27,45,138,138,44.92753623188406,2.8670143121816682
1699625179.403134,35,-121,45,149,141,43.971631205673766,-12.649593914834636
1699625179.6923418,34,27,45,138,138,44.92753623188406,2.8670143121816682
1699625179.6923418,35,-121,45,149,142,43.66197183098592,-12.649593914834636
1699625179.9605343,35,-121,46,149,140,44.28571428571429,-12.649593914834636
1699625179.9605343,34,27,45,138,138,44.92753623188406,2.8670143121816682
1699625180.3106537,35,-121,46,149,140,44.28571428571429,-12.649593914834636
1699625180.3106537,34,27,45,138,138,44.92753623188406,2.8670143121816682
1699625180.65102,34,27,45,138,138,44.92753623188406,2.8670143121816682
1699625180.65102,35,-121,45,149,142,43.66197183098592,-12.649593914834636
1699625180.940654,35,-121,45,149,141,43.971631205673766,-12.649593914834636
1699625180.940654,34,27,45,138,138,44.92753623188406,2.8670143121816682
1699625181.280246,34,27,45,138,138,44.92753623188406,2.8670143121816682
1699625181.6890655,34,27,45,138,138,44.92753623188406,2.8670143121816682
1699625181.6890655,35,-120,46,150,140,44.28571428571429,-12.5483759390987
1699625182.0292234,34,27,44,138,139,44.6043165467626,2.8670143121816682
1699625182.0292234,35,-121,45,149,141,43.971631205673766,-12.649593914834636
1699625182.3477228,35,-121,46,149,140,44.28571428571429,-12.649593914834636
1699625182.3477228,34,27,45,138,138,44.92753623188406,2.8670143121816682
1699625182.7071662,34,27,45,138,138,44.92753623188406,2.8670143121816682
1699625182.7071662,35,-121,45,149,141,43.971631205673766,-12.649593914834636
1699625182.99817,34,27,45,138,138,44.92753623188406,2.8670143121816682
1699625182.99817,35,-121,45,149,142,43.66197183098592,-12.649593914834636
1699625183.2700806,34,27,45,138,138,44.92753623188406,2.8670143121816682
1699625183.2700806,35,-121,45,149,141,43.971631205673766,-12.649593914834636
1699625183.5809667,34,27,45,138,138,44.92753623188406,2.8670143121816682
1699625183.5809667,35,-121,45,149,142,43.66197183098592,-12.649593914834636
1699625183.8641844,34,27,45,138,138,44.92753623188406,2.8670143121816682
1699625183.8641844,35,-121,45,149,141,43.971631205673766,-12.649593914834636
1699625184.1829908,34,27,45,138,138,44.92753623188406,2.8670143121816682
1699625184.1829908,35,-120,45,150,142,43.66197183098592,-12.5483759390987
1699625184.5175002,34,27,45,138,138,44.92753623188406,2.8670143121816682
1699625184.5175002,35,-121,45,149,141,43.971631205673766,-12.649593914834636
1699625184.8381362,34,27,45,138,138,44.92753623188406,2.8670143121816682
1699625184.8381362,35,-121,45,149,141,43.971631205673766,-12.649593914834636
1699625185.1195107,34,27,45,138,138,44.92753623188406,2.8670143121816682
1699625185.1195107,35,-121,45,149,141,43.971631205673766,-12.649593914834636
1699625185.46388,34,27,45,138,138,44.92753623188406,2.8670143121816682
1699625185.46388,35,-121,45,149,141,43.971631205673766,-12.649593914834636
1699625185.768347,34,27,45,138,138,44.92753623188406,2.8670143121816682
1699625185.768347,35,-121,45,149,141,43.971631205673766,-12.649593914834636
1699625186.097587,34,27,45,138,138,44.92753623188406,2.8670143121816682
1699625186.097587,35,-121,46,149,140,44.28571428571429,-12.649593914834636
1699625186.4053323,34,27,45,138,138,44.92753623188406,2.8670143121816682
1699625186.4053323,35,-121,45,149,142,43.66197183098592,-12.649593914834636
1699625186.6868064,34,27,45,138,138,44.92753623188406,2.8670143121816682
1699625186.6868064,35,-121,45,149,141,43.971631205673766,-12.649593914834636
1699625186.9702258,34,27,45,138,138,44.92753623188406,2.8670143121816682
1699625186.9702258,35,-121,45,149,141,43.971631205673766,-12.649593914834636
1699625187.2483215,34,27,45,138,138,44.92753623188406,2.8670143121816682
1699625187.2483215,35,-121,45,149,141,43.971631205673766,-12.649593914834636
1699625187.5267167,34,27,45,138,138,44.92753623188406,2.8670143121816682
1699625187.5267167,35,-121,45,149,141,43.971631205673766,-12.649593914834636
1699625187.805202,34,27,45,138,138,44.92753623188406,2.8670143121816682
1699625187.805202,35,-121,45,149,141,43.971631205673766,-12.649593914834636
1699625188.125115,34,27,45,138,138,44.92753623188406,2.8670143121816682
1699625188.125115,35,-121,45,149,141,43.971631205673766,-12.649593914834636
1699625188.4079807,34,27,45,138,138,44.92753623188406,2.8670143121816682
1699625188.4079807,35,-120,45,148,141,43.971631205673766,-12.5483759390987
1699625188.6988854,34,27,45,138,138,44.92753623188406,2.8670143121816682
1699625188.6988854,35,-121,45,149,141,43.971631205673766,-12.649593914834636
1699625188.9856088,34,27,45,138,138,44.92753623188406,2.8670143121816682
1699625188.9856088,35,-121,45,149,141,43.971631205673766,-12.649593914834636
1699625189.2631066,34,27,45,138,138,44.92753623188406,2.8670143121816682
1699625189.2631066,35,-121,45,149,141,43.971631205673766,-12.649593914834636
1699625189.5559292,34,27,45,138,138,44.92753623188406,2.8670143121816682
1699625189.5559292,35,-121,45,149,142,43.66197183098592,-12.649593914834636
1699625189.8184266,34,27,45,138,138,44.92753623188406,2.8670143121816682
1699625189.8184266,35,-121,45,149,141,43.971631205673766,-12.649593914834636
1699625190.1577852,34,27,45,138,138,44.92753623188406,2.8670143121816682
1699625190.1577852,35,-121,45,149,141,43.971631205673766,-12.649593914834636
1699625190.4564297,34,27,45,138,138,44.92753623188406,2.8670143121816682
1699625190.7962043,34,27,45,138,138,44.92753623188406,2.8670143121816682
1699625190.7962043,35,-121,45,149,141,43.971631205673766,-12.649593914834636
1699625191.077359,34,27,45,138,138,44.92753623188406,2.8670143121816682
1699625191.077359,35,-121,45,149,142,43.66197183098592,-12.649593914834636
1699625191.3416874,34,27,45,138,138,44.92753623188406,2.8670143121816682
1699625191.3416874,35,-121,45,149,141,43.971631205673766,-12.649593914834636
1699625191.6354408,34,27,45,138,138,44.92753623188406,2.8670143121816682
1699625191.6354408,35,-121,45,149,141,43.971631205673766,-12.649593914834636
1699625191.9113333,34,27,45,138,138,44.92753623188406,2.8670143121816682
1699625191.9113333,35,-121,45,149,142,43.66197183098592,-12.649593914834636
1699625192.2553759,34,27,44,138,139,44.6043165467626,2.8670143121816682
1699625192.2553759,35,-121,45,149,142,43.66197183098592,-12.649593914834636
1699625192.5315585,34,27,45,138,138,44.92753623188406,2.8670143121816682
1699625192.5315585,35,-121,45,149,141,43.971631205673766,-12.649593914834636
1699625192.8124022,34,27,45,138,138,44.92753623188406,2.8670143121816682
1699625192.8124022,35,-121,45,149,141,43.971631205673766,-12.649593914834636
1699625193.0996687,34,27,45,138,138,44.92753623188406,2.8670143121816682
1699625193.0996687,35,-121,45,149,141,43.971631205673766,-12.649593914834636
1699625193.3915925,34,27,45,138,138,44.92753623188406,2.8670143121816682
1699625193.3915925,35,-121,45,149,142,43.66197183098592,-12.649593914834636
1699625193.6629744,34,27,45,138,138,44.92753623188406,2.8670143121816682
1699625193.6629744,35,-121,45,149,141,43.971631205673766,-12.649593914834636
1699625193.9433444,34,27,45,138,138,44.92753623188406,2.8670143121816682
1699625193.9433444,35,-121,45,149,141,43.971631205673766,-12.649593914834636
1699625194.2369804,34,27,45,138,138,44.92753623188406,2.8670143121816682
1699625194.2369804,35,-121,45,149,141,43.971631205673766,-12.649593914834636
1699625194.5796678,34,27,45,138,138,44.92753623188406,2.8670143121816682
1699625194.5796678,35,-121,45,149,141,43.971631205673766,-12.649593914834636
1699625194.865232,34,27,45,138,138,44.92753623188406,2.8670143121816682
1699625194.865232,35,-121,45,149,142,43.66197183098592,-12.649593914834636
1699625195.1322517,34,27,44,138,139,44.6043165467626,2.8670143121816682
1699625195.1322517,35,-121,45,149,141,43.971631205673766,-12.649593914834636
1699625195.4276812,34,27,45,138,138,44.92753623188406,2.8670143121816682
1699625195.8195395,34,27,45,138,138,44.92753623188406,2.8670143121816682
1699625195.8195395,35,-121,45,149,142,43.66197183098592,-12.649593914834636
1699625196.1150882,34,27,45,138,138,44.92753623188406,2.8670143121816682
1699625196.1150882,35,-121,45,149,142,43.66197183098592,-12.649593914834636
1699625196.3931382,34,27,45,138,138,44.92753623188406,2.8670143121816682
1699625196.3931382,35,-121,45,149,142,43.66197183098592,-12.649593914834636
1699625196.6791492,34,27,44,138,139,44.6043165467626,2.8670143121816682
1699625196.6791492,35,-121,45,149,141,43.971631205673766,-12.649593914834636
1699625196.9845548,35,-121,45,149,142,43.66197183098592,-12.649593914834636
1699625196.9845548,34,27,45,138,138,44.92753623188406,2.8670143121816682
